Description,Revenue,Quantity,Orders
DOTCOM POSTAGE,206248.77,706,706
REGENCY CAKESTAND 3 TIER,174484.74,13879,1988
"PAPER CRAFT , LITTLE BIRDIE",168469.6,80995,1
WHITE HANGING HEART T-LIGHT HOLDER,106292.77,37891,2256
PARTY BUNTING,99504.33,18295,1685
JUMBO BAG RED RETROSPOT,94340.05,48474,2089
MEDIUM CERAMIC TOP STORAGE JAR,81700.92000000001,78033,247
Manual,78112.82,7225,290
POSTAGE,78101.88,3150,1126
RABBIT NIGHT LIGHT,66964.99,30788,994
PAPER CHAIN KIT 50'S CHRISTMAS,64952.29,19355,1160
ASSORTED COLOUR BIRD ORNAMENT,59094.93,36461,1455
CHILLI LIGHTS,54117.76,10306,661
SPOTTY BUNTING,42548.130000000005,8327,1140
JUMBO BAG PINK POLKADOT,42436.24,21465,1218
BLACK RECORD COVER FRAME,40652.13,11656,375
PICNIC BASKET WICKER 60 PIECES,39619.5,61,2
DOORMAT KEEP CALM AND COME IN,38166.64,5491,728
SET OF 3 CAKE TINS PANTRY DESIGN,38158.39,7493,1385
JAM MAKING SET WITH JARS,37128.88,8706,1132
WOOD BLACK BOARD ANT WHITE FINISH,36030.22,6020,685
LUNCH BAG RED RETROSPOT,35752.01,19353,1564
POPCORN HOLDER,34298.87,36761,803
VICTORIAN GLASS HANGING T-LIGHT,33187.97,24304,1037
HOT WATER BOTTLE TEA AND SYMPATHY,33002.590000000004,5747,643
PAPER CHAIN KIT VINTAGE CHRISTMAS,32873.340000000004,10604,820
CHOCOLATE HOT WATER BOTTLE,32866.18,6025,858
JUMBO BAG STRAWBERRY,32802.53,17319,822
HEART OF WICKER SMALL,32107.8,17971,1201
SET OF 3 REGENCY CAKE TINS,31177.95,6357,873
JUMBO STORAGE BAG SUKI,30770.12,13654,1184
ALARM CLOCK BAKELIKE RED,30701.12,7815,1051
JUMBO BAG APPLES,30475.65,14920,978
HEART OF WICKER LARGE,30139.41,9901,925
CHARLOTTE BAG SUKI DESIGN,29277.95,18152,882
ROSES REGENCY TEACUP AND SAUCER,29095.27,9877,1065
HOT WATER BOTTLE KEEP CALM,28842.550000000003,5841,782
JUMBO SHOPPER VINTAGE RED PAISLEY,28634.95,12602,1175
NATURAL SLATE HEART CHALKBOARD,28147.960000000003,9172,1249
JUMBO  BAG BAROQUE BLACK WHITE,28092.2,13922,933
DOORMAT RED RETROSPOT,28082.54,4092,696
JUMBO BAG ALPHABET,27890.170000000002,13379,906
ALARM CLOCK BAKELIKE GREEN,27196.53,6430,980
ROTATING SILVER ANGELS T-LIGHT HLDR,26463.829999999998,9476,449
RED  HARMONICA IN BOX,26331.58,21933,661
RECIPE BOX PANTRY YELLOW DESIGN,26240.600000000002,8276,1111
GIN + TONIC DIET METAL SIGN,25836.57,11727,759
SPACEBOY LUNCH BOX,25740.469999999998,14260,900
JAM MAKING SET PRINTED,25660.98,16412,1162
DOORMAT UNION FLAG,25609.6,3762,616
PLEASE ONE PERSON METAL SIGN,25290.58,12305,845
REGENCY TEAPOT ROSES,24918.93,2770,416
VINTAGE UNION JACK BUNTING,24542.83,2789,475
JUMBO BAG VINTAGE DOILY,24522.36,11464,711
SCOTTIE DOG HOT WATER BOTTLE,24509.84,4666,771
SET OF 6 SPICE TINS PANTRY DESIGN,24483.66,5978,834
ROUND SNACK BOXES SET OF4 WOODLAND,24438.620000000003,8560,732
DOORMAT NEW ENGLAND,24292.84,3830,600
BAKING SET 9 PIECE RETROSPOT,24239.72,4948,934
RED TOADSTOOL LED NIGHT LIGHT,23932.98,14009,849
DOORMAT FAIRY CAKE,23888.81,3617,365
JUMBO BAG 50'S CHRISTMAS,23815.75,10306,716
EDWARDIAN PARASOL NATURAL,23761.77,4081,540
SET OF TEA COFFEE SUGAR TINS PANTRY,23514.170000000002,4805,470
CREAM HEART CARD HOLDER,23463.47,8291,524
RED HANGING HEART T-LIGHT HOLDER,23228.74,7882,741
JUMBO BAG PINK VINTAGE PAISLEY,23181.14,11007,865
WOODEN PICTURE FRAME WHITE FINISH,23113.260000000002,9006,1100
JUMBO BAG OWLS,23030.96,11444,657
VINTAGE UNION JACK MEMOBOARD,23010.09,3272,221
RETROSPOT TEA SET CERAMIC 11 PC,22912.81,4527,962
GREEN REGENCY TEACUP AND SAUCER,22826.3,7302,1013
PAPER BUNTING RETROSPOT,22790.960000000003,7564,798
CREAM SWEETHEART MINI CHEST,22708.95,1793,519
LUNCH BAG  BLACK SKULL.,22421.21,12240,1273
RED WOOLLY HOTTIE WHITE HEART.,22144.98,4765,429
DOORMAT HEARTS,22138.57,3419,592
JUMBO BAG WOODLAND ANIMALS,22092.42,9773,863
JUMBO BAG VINTAGE LEAF,21852.81,10962,879
WOODEN FRAME ANTIQUE WHITE,21852.39,7013,971
RED RETROSPOT CHARLOTTE BAG,21776.79,17765,1032
LUNCH BAG CARS BLUE,21750.63,11817,1150
DOLLY GIRL LUNCH BOX,21635.14,11793,850
DOORMAT FANCY FONT HOME SWEET HOME,21601.69,3246,502
RED RETROSPOT CAKE STAND,21365.25,2013,539
PACK OF 72 RETROSPOT CAKE CASES,21259.100000000002,36419,1320
COOK WITH WINE METAL SIGN,20957.64,10364,723
LUNCH BAG APPLE DESIGN,20911.98,12183,1036
LUNCH BOX I LOVE LONDON,20818.7,11523,707
ALARM CLOCK BAKELIKE PINK,20702.15,5364,783
WHITE SKULL HOT WATER BOTTLE,20594.45,3918,499
ANTIQUE SILVER T-LIGHT GLASS,19411.62,14688,689
PICNIC BASKET WICKER LARGE,19322.16,1604,445
ROUND SNACK BOXES SET OF 4 FRUITS,19130.37,6847,581
GUMBALL COAT RACK,18890.47,7962,681
HOMEMADE JAM SCENTED CANDLES,18788.55,12532,646
LUNCH BAG SUKI DESIGN,18750.579999999998,10332,1084
ASSORTED COLOURS SILK FAN,18569.84,23826,518
LUNCH BAG WOODLAND,18323.38,9933,1017
LUNCH BAG SPACEBOY DESIGN,18092.36,10464,1157
FAIRY CAKE FLANNEL ASSORTED COLOUR,18069.280000000002,10253,262
HOT WATER BOTTLE I AM SO POORLY,18055.11,3474,657
GROW A FLYTRAP OR SUNFLOWER IN TIN,17927.45,16244,305
HAND WARMER OWL DESIGN,17910.030000000002,8498,654
RETROSPOT HEART HOT WATER BOTTLE,17708.53,3533,623
SET/5 RED RETROSPOT LID GLASS BOWLS,17655.8,6084,879
PINK REGENCY TEACUP AND SAUCER,17551.760000000002,5824,765
LUNCH BAG PINK POLKADOT,17435.19,10515,1090
JUMBO BAG DOILEY PATTERNS,17272.85,8895,514
JUMBO BAG SCANDINAVIAN BLUE PAISLEY,17245.93,8414,662
6 RIBBONS RUSTIC CHARM,17205.37,9183,955
JUMBO BAG SPACEBOY DESIGN,17081.86,8671,686
COLOUR GLASS. STAR T-LIGHT HOLDER,17073.65,5737,264
SMALL POPCORN HOLDER,17055.149999999998,20160,589
HOME BUILDING BLOCK WORD,17049.920000000002,2780,777
HOT BATHS METAL SIGN,17047.06,7306,609
MINI PAINT SET VINTAGE,16937.82,26633,380
EDWARDIAN PARASOL BLACK,16915.72,2931,383
CHILDRENS CUTLERY POLKADOT PINK,16874.27,3953,423
WOODLAND CHARLOTTE BAG,16759.75,13308,833
IVORY KITCHEN SCALES,16528.31,1901,711
SET OF 4 PANTRY JELLY MOULDS,16507.23,12672,1073
HANGING HEART JAR T-LIGHT HOLDER,16477.53,12512,728
SET/4 WHITE RETRO STORAGE CUBES,16363.300000000001,415,155
GARDENERS KNEELING PAD KEEP CALM,16357.05,8825,913
KNITTED UNION FLAG HOT WATER BOTTLE,16164.04,3323,459
HAND OVER THE CHOCOLATE   SIGN,15983.330000000002,8272,677
VINTAGE CHRISTMAS BUNTING,15833.310000000001,2997,401
RECYCLING BAG RETROSPOT,15636.99,6910,748
WOOD 2 DRAWER CABINET WHITE FINISH,15240.07,2403,543
PAPER CHAIN KIT EMPIRE,15122.970000000001,5189,436
SET 2 TEA TOWELS I LOVE LONDON,14975.93,4919,533
SET 7 BABUSHKA NESTING BOXES,14453.470000000001,1790,380
HAND WARMER SCOTTY DOG DESIGN,14410.62,6632,548
BREAD BIN DINER STYLE IVORY,14329.539999999999,901,375
DOORMAT ENGLISH ROSE,14324.0,2038,407
JUMBO BAG PEARS,14197.28,7071,595
MEMO BOARD RETROSPOT  DESIGN,14193.35,2960,459
PAPER CHAIN KIT RETROSPOT,14159.54,4658,610
RED KITCHEN SCALES,14141.7,1627,546
STRAWBERRY CERAMIC TRINKET BOX,14130.08,10483,706
HAND WARMER BIRD DESIGN,14078.69,6441,554
JUMBO STORAGE BAG SKULLS,14031.16,6450,705
JUMBO BAG VINTAGE CHRISTMAS,13978.95,6081,476
BOX OF VINTAGE ALPHABET BLOCKS,13931.31,1342,267
WORLD WAR 2 GLIDERS ASSTD DESIGNS,13841.849999999999,55047,535
PINK BLUE FELT CRAFT TRINKET BOX,13838.1,11001,522
CHRISTMAS LIGHTS 10 REINDEER,13812.92,1672,311
AMAZON FEE,13761.09,2,2
3 HOOK PHOTO SHELF ANTIQUE WHITE,13746.11,1811,382
DOUGHNUT LIP GLOSS,13720.77,10415,344
PLASTERS IN TIN SPACEBOY,13615.31,8082,673
DOORMAT SPOTTY HOME SWEET HOME,13612.41,1757,480
LOVE HOT WATER BOTTLE,13494.970000000001,2386,476
LUNCH BAG ALPHABET DESIGN,13360.2,7851,740
CLOTHES PEGS RETROSPOT PACK 24,13346.039999999999,8689,772
PLASTERS IN TIN WOODLAND ANIMALS,13344.769999999999,7813,704
SET OF 10 LED DOLLY LIGHTS,13303.019999999999,2221,372
SET 6 SCHOOL MILK BOTTLES IN CRATE,13284.49,2845,405
TEA TIME PARTY BUNTING,12941.27,2581,467
GREY HEART HOT WATER BOTTLE,12805.33,3231,561
WOODEN UNION JACK BUNTING,12792.25,2091,407
ENAMEL FLOWER JUG CREAM,12671.060000000001,2110,506
RED RETROSPOT MINI CASES,12642.93,1748,385
ASSORTED COLOUR MINI CASES,12614.17,1770,383
CHILDRENS CUTLERY RETROSPOT RED,12604.23,2907,317
LOVE BUILDING BLOCK WORD,12572.710000000001,2034,629
WOODEN ROUNDERS GARDEN SET,12571.369999999999,1331,358
STRAWBERRY CHARLOTTE BAG,12552.4,9798,722
VINTAGE SNAP CARDS,12515.96,14528,926
BLACK HEART CARD HOLDER,12487.17,4871,189
FELTCRAFT CUSHION OWL,12440.14,3380,470
ENAMEL BREAD BIN CREAM,12383.83,875,454
FELTCRAFT 6 FLOWER FRIENDS,12373.880000000001,6078,547
CHILDRENS CUTLERY POLKADOT BLUE,12371.119999999999,2848,289
REGENCY SUGAR BOWL GREEN,12350.73,3057,322
PACK OF 60 PINK PAISLEY CAKE CASES,12245.02,24854,869
PINK HAPPY BIRTHDAY BUNTING,12201.4,2339,402
DOORMAT WELCOME PUPPIES,12114.97,2065,287
FELTCRAFT DOLL MOLLY,12016.34,4514,331
IVORY DINER WALL CLOCK,11971.15,1452,415
3 HEARTS HANGING DECORATION RUSTIC,11944.880000000001,3463,303
WOOD S/3 CABINET ANT WHITE FINISH,11937.68,1408,403
SET/3 RED GINGHAM ROSE STORAGE BOX,11928.45,3040,477
PAPER BUNTING WHITE LACE,11893.230000000001,4089,326
RED DINER WALL CLOCK,11882.57,1403,460
GARDENERS KNEELING PAD CUP OF TEA,11815.689999999999,6827,758
PICNIC BASKET WICKER SMALL,11807.12,1879,461
RED RETROSPOT PICNIC BAG,11671.09,3987,531
JUMBO BAG PAISLEY PARK,11613.03,5035,338
DOORMAT WELCOME TO OUR HOME,11555.56,1524,443
RED RETROSPOT ROUND CAKE TINS,11532.39,1089,344
ALARM CLOCK BAKELIKE IVORY,11479.65,2892,570
FAWN BLUE HOT WATER BOTTLE,11466.37,3313,490
CHARLOTTE BAG PINK POLKADOT,11420.289999999999,9719,742
"SET 3 RETROSPOT TEA,COFFEE,SUGAR",11407.56,2133,430
"RECORD FRAME 7"" SINGLE SIZE",11354.56,4374,361
CLASSIC METAL BIRDCAGE PLANT HOLDER,11338.27,978,290
SET/20 RED RETROSPOT PAPER NAPKINS,11319.36,13210,986
RED RETROSPOT UMBRELLA,11295.01,1940,373
WOODEN CROQUET GARDEN SET,11276.21,782,299
FELTCRAFT CUSHION RABBIT,11227.47,3092,386
REGENCY TEA PLATE ROSES,11117.05,6869,445
METAL SIGN TAKE IT OR LEAVE IT,11104.79,3777,412
LUNCH BAG DOLLY GIRL DESIGN,11090.58,6724,682
Adjust bad debt,11062.06,1,1
JUMBO BAG TOYS,11014.62,5007,522
SOLDIERS EGG CUP,10938.31,9137,418
15CM CHRISTMAS GLASS BALL 20 LIGHTS,10910.61,1359,261
LUNCH BAG VINTAGE DOILY,10820.1,6562,601
BAKING SET SPACEBOY DESIGN,10745.050000000001,2209,464
BREAD BIN DINER STYLE RED,10676.619999999999,665,278
SET OF 6 RIBBONS VINTAGE CHRISTMAS,10621.6,3265,422
VINTAGE HEADS AND TAILS CARD GAME,10535.65,7889,607
TRADITIONAL WOODEN SKIPPING ROPE,10526.0,8145,425
COLOUR GLASS T-LIGHT HOLDER HANGING,10518.25,16449,621
LUNCH BAG DOILEY PATTERN,10510.44,6556,492
BLUE HAPPY BIRTHDAY BUNTING,10502.650000000001,1992,390
LUNCH BAG VINTAGE LEAF DESIGN,10498.01,6342,668
REVOLVER WOODEN RULER,10379.84,5236,348
FAMILY ALBUM WHITE PICTURE FRAME,10354.26,1198,372
BLUE HARMONICA IN BOX,10343.56,7879,603
ANTIQUE SILVER TEA GLASS ENGRAVED,10297.27,8706,347
DOORMAT BLACK FLOCK,10278.060000000001,1817,195
VINTAGE DOILY JUMBO BAG RED,10233.45,4815,259
LONDON BUS COFFEE MUG,10224.75,4367,317
NO SINGING METAL SIGN,10195.86,4789,496
FELTCRAFT CUSHION BUTTERFLY,10133.33,2765,348
RED SPOTTY BISCUIT TIN,10116.49,2433,394
PLASTERS IN TIN CIRCUS PARADE,10070.109999999999,6118,571
HAND WARMER UNION JACK,10057.320000000002,4867,479
TRADITIONAL KNITTING NANCY,10056.949999999999,6150,609
REGENCY TEA PLATE GREEN,10051.99,6247,381
EDWARDIAN PARASOL RED,10021.42,1710,326
ICE CREAM SUNDAE LIP GLOSS,9965.76,8100,277
T-LIGHT GLASS FLUTED ANTIQUE,9963.880000000001,8027,345
DOORMAT HOME SWEET HOME BLUE,9959.6,1621,285
SET OF 6 SOLDIER SKITTLES,9921.29,2487,443
DELUXE SEWING KIT,9898.95,1412,328
PLASTERS IN TIN STRONGMAN,9863.279999999999,6023,515
PHOTO FRAME CORNICE,9843.59,3297,504
SMALL GLASS HEART TRINKET POT,9811.58,4252,541
3 TIER CAKE TIN RED AND CREAM,9765.11,689,168
SET OF 4 KNICK KNACK TINS DOILY,9759.68,2360,353
WOODEN SCHOOL COLOURING SET,9749.82,5888,433
STRAWBERRY LUNCH BOX WITH CUTLERY,9748.13,3938,573
SWEETHEART CAKESTAND 3 TIER,9697.25,959,377
VINTAGE CREAM DOG FOOD CONTAINER,9686.82,1006,416
CHRISTMAS CRAFT LITTLE FRIENDS,9681.18,4082,544
TRADITIONAL MODELLING CLAY,9602.32,8168,389
REGENCY MILK JUG PINK,9600.15,3164,329
PANTRY ROLLING PIN,9568.73,2465,238
NATURAL SLATE CHALKBOARD LARGE,9554.470000000001,1731,476
ZINC FOLKART SLEIGH BELLS,9546.53,5070,456
60 CAKE CASES VINTAGE CHRISTMAS,9511.52,16055,618
POTTERING IN THE SHED METAL SIGN,9413.82,4179,538
SET OF 20 KIDS COOKIE CUTTERS,9404.150000000001,4321,517
LADIES & GENTLEMEN METAL SIGN,9388.53,4039,478
RED RETROSPOT PEG BAG,9301.4,3157,485
BOX OF 6 MINI 50'S CRACKERS,9266.84,3739,403
FELTCRAFT PRINCESS CHARLOTTE DOLL,9264.91,2375,449
GINGERBREAD MAN COOKIE CUTTER,9212.15,7448,670
60 TEATIME FAIRY CAKE CASES,9183.720000000001,18214,828
BOX OF 6 MINI VINTAGE CRACKERS,9167.390000000001,3811,376
PINK CREAM FELT CRAFT TRINKET BOX,9159.31,7362,616
RED METAL BOX TOP SECRET,9158.87,1079,257
DOORMAT MULTICOLOUR STRIPE,9088.63,1492,201
ALARM CLOCK BAKELIKE ORANGE,9080.2,2326,445
CLEAR DRAWER KNOB ACRYLIC EDWARDIAN,9050.44,6635,441
SET OF 3 NOTEBOOKS IN PARCEL,9043.939999999999,5445,422
SET 2 PANTRY DESIGN TEA TOWELS,9012.27,2815,372
HAND WARMER RED LOVE HEART,8941.61,4027,397
LARGE WHITE HEART OF WICKER,8925.410000000002,3085,562
AREA PATROLLED METAL SIGN,8862.990000000002,4367,437
WOODEN BOX OF DOMINOES,8862.29,6402,587
HAND WARMER RED RETROSPOT,8770.43,4354,374
MULTI COLOUR SILVER T-LIGHT HOLDER,8754.63,10557,347
WOODEN ADVENT CALENDAR RED,8714.24,746,137
FELTCRAFT BUTTERFLY HEARTS,8626.939999999999,6230,481
TRAVEL SEWING KIT,8620.32,5096,467
SWEETHEART RECIPE BOOK STAND,8578.0,1212,368
SET 6 PAPER TABLE LANTERN HEARTS,8577.51,2333,297
HANGING JAM JAR T-LIGHT HOLDER,8560.84,10792,348
ICE CREAM PEN LIP GLOSS,8553.34,6831,257
SET/2 RED RETROSPOT TEA TOWELS,8549.85,2603,394
SET OF 3 HEART COOKIE CUTTERS,8540.9,6350,685
CHICK GREY HOT WATER BOTTLE,8535.52,1881,402
CHILDRENS CUTLERY SPACEBOY,8525.970000000001,2079,360
VINTAGE DOILY TRAVEL SEWING KIT,8509.68,3970,415
SMALL WHITE HEART OF WICKER,8473.269999999999,4737,629
PACK OF 72 SKULL CAKE CASES,8418.44,15176,663
SET OF 72 RETROSPOT PAPER  DOILIES,8374.189999999999,5812,453
FAMILY PHOTO FRAME CORNICE,8268.539999999999,868,260
GRAND CHOCOLATECANDLE,8225.0,5978,292
BLUE DINER WALL CLOCK,8189.29,954,365
HANGING HEART ZINC T-LIGHT HOLDER,8168.9,9143,603
ALARM CLOCK BAKELIKE CHOCOLATE,8168.6,1984,428
SET OF 3 BUTTERFLY COOKIE CUTTERS,8161.46,5805,688
VINTAGE RED KITCHEN CABINET,8125.0,60,38
RECIPE BOX RETROSPOT,8101.150000000001,2901,464
WHITE METAL LANTERN,8056.5199999999995,1880,307
SET OF 20 VINTAGE CHRISTMAS NAPKINS,8050.53,8987,610
SET/10 RED POLKADOT PARTY CANDLES,8033.85,6634,379
PACK OF 12 LONDON TISSUES,7980.92,26135,512
FELTCRAFT CHRISTMAS FAIRY,7954.0,1930,321
OPEN CLOSED METAL SIGN,7938.780000000001,1641,388
WHITE WOOD GARDEN PLANT LADDER,7919.23,785,429
LUNCH BOX WITH CUTLERY RETROSPOT,7873.719999999999,3093,482
ROSE COTTAGE KEEPSAKE BOX,7861.93,795,189
PAINTED METAL PEARS ASSORTED,7830.32,4709,370
SET OF 4 KNICK KNACK TINS LONDON,7825.56,1862,274
PLASTERS IN TIN VINTAGE PAISLEY,7777.089999999999,4721,566
METAL 4 HOOK HANGER FRENCH CHATEAU,7773.7,2446,493
SPACEBOY BABY GIFT SET,7758.699999999999,499,184
CHOCOLATE THIS WAY METAL SIGN,7756.420000000001,3773,468
CHARLOTTE BAG APPLES DESIGN,7741.94,7976,583
DOORMAT 3 SMILEY CATS,7732.929999999999,1175,233
CHILDRENS CUTLERY POLKADOT GREEN,7701.71,1829,246
VICTORIAN SEWING BOX LARGE,7674.799999999999,532,163
CREAM CUPID HEARTS COAT HANGER,7657.320000000001,2016,284
SILVER HANGING T-LIGHT HOLDER,7642.44,4801,290
SWEETHEART CERAMIC TRINKET BOX,7628.530000000001,6063,509
GIRAFFE WOODEN RULER,7608.79,3889,274
DOORMAT UNION JACK GUNS AND ROSES,7597.02,1230,206
FELTCRAFT PRINCESS LOLA DOLL,7563.08,2020,413
PACK OF 6 BIRDY GIFT TAGS,7561.64,6232,395
MINT KITCHEN SCALES,7547.39,855,357
RED STRIPE CERAMIC DRAWER KNOB,7527.66,5528,437
CHILDRENS APRON SPACEBOY DESIGN,7520.28,3755,550
TOY TIDY PINK POLKADOT,7437.9400000000005,3441,469
ZINC METAL HEART DECORATION,7426.82,5944,535
FUNKY DIVA PEN,7363.86,8547,233
BOX OF 6 CHRISTMAS CAKE DECORATIONS,7356.18,1875,220
ENGLISH ROSE HOT WATER BOTTLE,7330.7,1614,375
YOU'RE CONFUSING ME METAL SIGN,7320.36,4424,450
SET 6 PAPER TABLE LANTERN STARS,7254.650000000001,1933,246
SET OF 4 KNICK KNACK TINS DOILEY,7252.9400000000005,1820,182
RED FLORAL FELTCRAFT SHOULDER BAG,7236.93,1962,305
CIRCUS PARADE LUNCH BOX,7207.37,3681,396
CHILDS BREAKFAST SET SPACEBOY,7191.15,766,222
SET OF 2 WOODEN MARKET CRATES,7190.349999999999,526,208
PLASTERS IN TIN SKULLS,7176.669999999999,4269,560
TRIPLE PHOTO FRAME CORNICE,7173.549999999999,774,218
RAIN PONCHO RETROSPOT,7163.65,8878,243
HAND WARMER BABUSHKA DESIGN,7136.2300000000005,4970,368
BLUE STRIPE CERAMIC DRAWER KNOB,7136.0,5285,425
PIGGY BANK RETROSPOT,7121.38,2764,329
VICTORIAN SEWING BOX SMALL,7106.950000000001,1184,285
MEMO BOARD COTTAGE DESIGN,7104.22,1461,311
GIANT 50'S CHRISTMAS CRACKER,7072.16,2668,333
VINTAGE SNAKES & LADDERS,7062.7,1790,396
36 DOILIES VINTAGE CHRISTMAS,7061.73,5172,177
JUMBO BAG DOLLY GIRL DESIGN,7053.28,3420,450
CARRIAGE,7051.0,142,141
RETROSPOT PARTY BAG + STICKER SET,7047.24,4494,317
WOODEN ADVENT CALENDAR CREAM,7047.17,454,137
JINGLE BELL HEART ANTIQUE SILVER,7044.64,3567,210
3 TIER CAKE TIN GREEN AND CREAM,7011.57,447,201
SET OF 12 FAIRY CAKE BAKING CASES,7001.99,8486,552
PICTURE FRAME WOOD TRIPLE PORTRAIT,6977.6,1068,265
UNION STRIPE WITH FRINGE  HAMMOCK,6952.31,899,208
HOME SWEET HOME MUG,6942.33,5418,349
BEWARE OF THE CAT METAL SIGN,6939.08,4156,449
SET/6 RED SPOTTY PAPER PLATES,6933.259999999999,8758,527
FULL ENGLISH BREAKFAST PLATE,6928.65,1642,296
ROUND CAKE TIN VINTAGE RED,6927.64,916,271
BLACK/BLUE POLKADOT UMBRELLA,6909.99,1182,292
VICTORIAN SEWING BOX MEDIUM,6909.37,689,261
HEART FILIGREE DOVE  SMALL,6901.33,5534,299
AGED GLASS SILVER T-LIGHT HOLDER,6890.47,10583,340
ADVENT CALENDAR GINGHAM SACK,6860.09,1313,246
SINGLE HEART ZINC T-LIGHT HOLDER,6831.75,6266,507
LARGE CIRCULAR MIRROR MOBILE,6827.98,7114,205
WHITE SPOT RED CERAMIC DRAWER KNOB,6815.9,5022,409
SET 40 HEART SHAPE PETIT FOUR CASES,6792.23,4303,161
4 TRADITIONAL SPINNING TOPS,6789.46,4894,483
CHRISTMAS LIGHTS 10 VINTAGE BAUBLES,6785.17,1361,209
CHILDRENS CUTLERY DOLLY GIRL,6782.76,1674,291
WALL ART CLASSIC PUDDINGS,6762.71,864,150
DOLLY GIRL BABY GIFT SET,6753.509999999999,435,133
PINK FAIRY CAKE CHILDRENS APRON,6732.49,3345,495
MINI LIGHTS WOODLAND MUSHROOMS,6726.64,1800,215
BISCUIT TIN 50'S CHRISTMAS,6715.93,2206,309
PINK BABY BUNTING,6710.42,2190,345
RETROSPOT LARGE MILK JUG,6701.22,1361,339
SAVE THE PLANET MUG,6681.21,5454,357
SET OF 72 PINK HEART PAPER DOILIES,6672.7,4312,510
BINGO SET,6667.04,1690,378
RED RETROSPOT SHOPPER BAG,6613.04,4776,575
72 SWEETHEART FAIRY CAKE CASES,6555.33,13360,615
VINTAGE DONKEY TAIL GAME,6550.17,1815,252
DOORSTOP RETROSPOT HEART,6544.63,1599,296
3 DRAWER ANTIQUE WHITE WOOD CABINET,6529.54,742,202
SET/10 PINK POLKADOT PARTY CANDLES,6496.04,5331,344
RED 3 PIECE RETROSPOT CUTLERY SET,6494.660000000001,1671,120
VINTAGE CHRISTMAS STOCKING,6488.2,2390,344
ANTIQUE SILVER TEA GLASS ETCHED,6478.01,4558,216
CHRISTMAS CRAFT TREE TOP ANGEL,6474.290000000001,2796,457
JINGLE BELL HEART DECORATION,6472.36,3828,356
CANDLEHOLDER PINK HANGING HEART,6471.240000000001,2262,398
LANDMARK FRAME CAMDEN TOWN,6457.15,569,68
RED RETROSPOT BOWL,6441.06,5076,448
TRADITIONAL NAUGHTS & CROSSES,6436.61,2859,257
LARGE ZINC HEART WALL ORGANISER,6431.110000000001,1065,38
CHILDS BREAKFAST SET DOLLY GIRL,6422.28,682,194
LANTERN CREAM GAZEBO,6405.54,1281,299
PANTRY WASHING UP BRUSH,6401.969999999999,4097,381
SET OF 60 PANTRY DESIGN CAKE CASES,6379.59,12063,629
REGENCY TEA PLATE PINK,6360.909999999999,3871,305
COFFEE MUG APPLES DESIGN,6353.55,2822,261
SET OF 2 TEA TOWELS APPLE AND PEARS,6349.95,2063,284
PLACE SETTING WHITE HEART,6332.29,15150,332
RED RETROSPOT OVEN GLOVE,6321.76,4035,451
WOODEN HAPPY BIRTHDAY GARLAND,6316.360000000001,2168,290
SUKI  SHOULDER BAG,6298.61,3393,530
LOVE SEAT ANTIQUE WHITE METAL,6210.0,58,41
CLASSIC GLASS COOKIE JAR,6191.6900000000005,1439,300
BUNDLE OF 3 ALPHABET EXERCISE BOOKS,6142.289999999999,3533,345
BLUE SPOT CERAMIC DRAWER KNOB,6141.29,4370,374
PACK OF 60 DINOSAUR CAKE CASES,6117.910000000001,12340,601
PARISIENNE JEWELLERY DRAWER,6102.18,813,258
RETROSPOT CHILDRENS APRON,6093.05,3171,358
RED SPOT CERAMIC DRAWER KNOB,6078.54,4421,369
WHITE SPOT BLUE CERAMIC DRAWER KNOB,6071.75,4395,365
TEA TIME TEA TOWELS,6045.0,2600,2
WALL ART STOP FOR TEA,6042.150000000001,870,219
BROCADE RING PURSE,6036.39,23056,239
DOORMAT AIRMAIL,6034.9,800,220
PHOTO CUBE,6013.429999999999,3239,321
RED RETROSPOT SMALL MILK JUG,6011.51,2497,343
DOORMAT TOPIARY,6009.84,904,205
SET OF 6 TEA TIME BAKING CASES,5988.05,4981,378
WALL ART BICYCLE SAFETY,5983.9,850,173
VINTAGE CHRISTMAS GIFT SACK,5968.3,1424,214
SET 3 WICKER OVAL BASKETS W LIDS,5961.25,463,33
RECYCLED ACAPULCO MAT TURQUOISE,5949.34,654,278
3 STRIPEY MICE FELTCRAFT,5925.389999999999,3030,468
SET OF 4 JAM JAR MAGNETS,5907.360000000001,2732,235
PANTRY CHOPPING BOARD,5868.5,1154,57
QUEENS GUARD COFFEE MUG,5849.29,2431,272
BOTANICAL GARDENS WALL CLOCK,5843.92,262,83
FRYING PAN UNION FLAG,5837.84,1334,208
FELTCRAFT PRINCESS OLIVIA DOLL,5812.72,1566,290
PHOTO FRAME 3 CLASSIC HANGING,5807.349999999999,584,232
WOODEN OWLS LIGHT GARLAND,5802.6,1540,149
POLKADOT PEN,5793.62,6842,170
DOORMAT RESPECTABLE HOUSE,5762.28,790,179
SOMBRERO,5716.85,4415,61
RED RETROSPOT PLATE,5704.78,3376,304
CERAMIC STRAWBERRY CAKE MONEY BANK,5695.7699999999995,4168,390
PACK OF 20 NAPKINS PANTRY DESIGN,5681.9,6587,670
PAPER BUNTING COLOURED LACE,5661.05,1893,238
HOT WATER BOTTLE BABUSHKA,5625.38,1166,177
10 COLOUR SPACEBOY PEN,5585.45,6564,318
NATURAL SLATE RECTANGLE CHALKBOARD,5575.33,3196,415
SKULL LUNCH BOX WITH CUTLERY,5568.07,2138,412
ANTIQUE GLASS DRESSING TABLE POT,5564.25,1799,267
WALL ART BIG LOVE,5559.11,979,112
ENAMEL MEASURING JUG CREAM,5549.68,1272,376
TREASURE ISLAND BOOK BOX,5528.04,2535,267
LARGE IVORY HEART WALL ORGANISER,5525.4,782,155
PINK 3 PIECE POLKADOT CUTLERY SET,5520.02,1471,123
HANGING METAL HEART LANTERN,5519.419999999999,3423,351
SET OF 5 LUCKY CAT MAGNETS,5517.99,2635,255
LUNCH BAG PAISLEY PARK,5513.83,3395,325
3 PIECE SPACEBOY COOKIE CUTTER SET,5481.09,2628,378
CALENDAR PAPER CUT DESIGN,5479.06,1838,271
HEART IVORY TRELLIS SMALL,5468.66,4171,378
SMALL ZINC HEART WALL ORGANISER,5416.18,1541,45
RUSTIC  SEVENTEEN DRAWER SIDEBOARD,5415.0,35,26
CHARLOTTE BAG VINTAGE ALPHABET,5407.58,5459,445
PACK OF 6 PANNETONE GIFT BOXES,5405.98,2100,178
VINTAGE CREAM CAT FOOD CONTAINER,5403.28,803,316
DOG BOWL CHASING BALL DESIGN,5389.0199999999995,1368,131
VINTAGE DOILY DELUXE SEWING KIT,5377.81,813,205
PARTY METAL SIGN,5345.88,3490,467
TRAVEL CARD WALLET KEEP CALM,5314.9,12490,534
WELCOME  WOODEN BLOCK LETTERS,5276.94,526,188
HEART IVORY TRELLIS LARGE,5274.119999999999,3156,318
BOX OF VINTAGE JIGSAW BLOCKS,5248.21,939,235
BREAD BIN DINER STYLE PINK,5225.4,324,128
SMALL IVORY HEART WALL ORGANISER,5219.1,1034,152
PINK DRAWER KNOB ACRYLIC EDWARDIAN,5211.7,3869,254
GUMBALL MAGAZINE RACK,5198.66,622,232
RECIPE BOX BLUE SKETCHBOOK DESIGN,5195.030000000001,1517,356
SET OF 3 WOODEN HEART DECORATIONS,5184.69,3893,445
DOORMAT MERRY CHRISTMAS RED,5176.25,673,146
CHILDRENS APRON APPLES DESIGN,5174.32,2426,365
RED RETROSPOT MUG,5170.64,1848,156
SET OF 6 NATIVITY MAGNETS,5170.1,2570,163
SET3 BOOK BOX GREEN GINGHAM FLOWER,5167.88,1208,262
HOME SWEET HOME METAL SIGN,5161.88,1768,282
LARGE CERAMIC TOP STORAGE JAR,5147.66,3118,280
REGENCY TEA STRAINER,5143.6900000000005,1412,176
COFFEE MUG PEARS  DESIGN,5136.84,2330,212
CERAMIC CAKE STAND + HANGING CAKES,5127.24,564,154
GINGHAM HEART DECORATION,5125.46,6152,413
FOOT STOOL HOME SWEET HOME,5097.65,489,217
CHRISTMAS TOILET ROLL,5093.76,3731,248
AIRLINE BAG VINTAGE TOKYO 78,5093.57,1091,392
BATH BUILDING BLOCK WORD,5089.56,823,270
BISCUIT TIN VINTAGE CHRISTMAS,5088.45,1725,277
FELTCRAFT GIRL AMELIE KIT,5083.89,1012,275
SET OF 12 MINI LOAF BAKING CASES,5078.429999999999,6140,444
PANTRY MAGNETIC  SHOPPING LIST,5068.4,3346,475
PACK OF SIX LED TEA LIGHTS,5048.72,1766,203
LIGHT GARLAND BUTTERFILES PINK,5044.34,1346,132
VINTAGE CHRISTMAS TABLECLOTH,5037.96,409,117
COFFEE MUG CAT + BIRD DESIGN,5031.83,2225,252
I'M ON HOLIDAY METAL SIGN,5031.38,2373,367
SET 3 PAPER VINTAGE CHICK PAPER EGG,5023.5,1778,214
FELTCRAFT DOLL ROSIE,5022.1,1706,301
VINYL RECORD FRAME SILVER,5010.69,1339,113
CHILDS BREAKFAST SET CIRCUS PARADE,5009.56,595,198
WALL ART KEEP CALM,5003.040000000001,968,83
SCANDINAVIAN PAISLEY PICNIC BAG,5001.98,2724,446
BREAD BIN DINER STYLE MINT,5001.83,321,128
BUBBLEGUM RING ASSORTED,4997.28,12050,245
LANDMARK FRAME COVENT GARDEN,4974.51,439,53
PINK VINTAGE PAISLEY PICNIC BAG,4964.03,2676,410
CHRISTMAS CRAFT WHITE FAIRY,4950.54,3250,377
TRADITIONAL PICK UP STICKS GAME,4944.37,2782,276
"ASSORTED FLOWER COLOUR ""LEIS""",4934.87,10315,111
BIRD HOUSE HOT WATER BOTTLE,4914.69,1173,279
STRAWBERRY   PICNIC BAG,4901.8,1708,251
POPPY'S PLAYHOUSE KITCHEN,4897.63,2125,436
CIRCUS PARADE BABY GIFT SET,4896.549999999999,316,111
ROLL WRAP 50'S CHRISTMAS,4880.65,3539,354
SET/10 BLUE POLKADOT PARTY CANDLES,4868.05,4015,240
PLAYING CARDS KEEP CALM & CARRY ON,4864.3,3646,335
SET/6 RED SPOTTY PAPER CUPS,4861.900000000001,7137,428
JUMBO BAG CHARLIE AND LOLA TOYS,4853.81,1933,300
FILIGRIS HEART WITH BUTTERFLY,4851.88,3906,212
POTTERING MUG,4834.51,3796,333
LANDMARK FRAME OXFORD STREET,4830.53,424,57
LANDMARK FRAME NOTTING HILL,4818.07,424,50
PICTURE DOMINOES,4799.83,3189,356
EDWARDIAN PARASOL PINK,4779.300000000001,811,170
SET OF 5 PANCAKE DAY MAGNETS,4771.76,2321,223
BULL DOG BOTTLE OPENER,4764.5,874,264
PINK HEART SHAPE EGG FRYING PAN,4761.78,3234,256
RED RETROSPOT BUTTER DISH,4758.75,972,238
5 HOOK HANGER RED MAGIC TOADSTOOL,4753.29,3099,131
TRADTIONAL ALPHABET STAMP SET,4752.31,961,192
PINK POLKADOT BOWL,4749.84,3676,333
BLUE VINTAGE SPOT BEAKER,4747.62,5048,222
LANDMARK FRAME LONDON BRIDGE,4741.37,418,52
36 PENCILS TUBE RED RETROSPOT,4729.9800000000005,3739,325
SPACEBOY MINI BACKPACK,4726.59,1109,233
CERAMIC HEART FAIRY CAKE MONEY BANK,4721.73,2363,351
RIBBON REEL STRIPES DESIGN,4716.33,2713,409
TREASURE TIN GYMKHANA DESIGN,4709.07,2184,363
ABC TREASURE BOOK BOX,4697.58,2167,226
WASHROOM METAL SIGN,4680.63,3016,364
SET OF 3 CAKE TINS SKETCHBOOK,4678.71,1022,297
POPPY'S PLAYHOUSE BEDROOM,4678.59,2029,423
CABIN BAG VINTAGE RETROSPOT,4674.62,247,68
WOODEN SKITTLES GARDEN SET,4670.36,315,142
TRADITIONAL CHRISTMAS RIBBONS,4660.2,3249,359
PINK PARTY BAGS,4649.5,2456,165
HEART FILIGREE DOVE LARGE,4643.669999999999,2807,250
PICNIC BOXES SET OF 3 RETROSPOT,4625.860000000001,966,190
PURPLE DRAWERKNOB ACRYLIC EDWARDIAN,4621.87,3227,237
CAMOUFLAGE LED TORCH,4594.43,2726,168
PINK VINTAGE SPOT BEAKER,4572.41,4807,191
PACK OF 60 SPACEBOY CAKE CASES,4566.54,8426,520
HOME SWEET HOME BLACKBOARD,4561.76,1011,169
SET OF 3 HANGING OWLS OLLIE BEAK,4557.97,3749,325
LAUNDRY 15C METAL SIGN,4542.889999999999,2918,351
12 PENCILS SMALL TUBE SKULL,4531.9800000000005,6983,355
SET OF 60 I LOVE LONDON CAKE CASES,4527.2,8332,407
REGENCY SUGAR TONGS,4515.22,1832,209
PARISIENNE CURIO CABINET,4514.58,547,241
BLUE 3 PIECE POLKADOT CUTLERY SET,4504.5,1220,108
CUPCAKE LACE PAPER SET 6,4488.63,2367,186
SKULL SHOULDER BAG,4480.28,2421,411
SMALL CERAMIC TOP STORAGE JAR,4476.009999999999,5847,231
SET OF 36 TEATIME PAPER DOILIES,4474.07,3053,334
PHARMACIE FIRST AID TIN,4470.8099999999995,581,173
CHRISTMAS LIGHTS 10 SANTAS,4469.04,609,152
PAPER BUNTING VINTAGE PAISLEY,4460.38,1424,272
GREEN VINTAGE SPOT BEAKER,4444.2300000000005,4625,185
WALL ART ONLY ONE PERSON,4436.27,1056,86
BLACK KITCHEN SCALES,4427.36,520,199
12 PENCILS SMALL TUBE RED RETROSPOT,4387.820000000001,6640,362
ROLL WRAP VINTAGE CHRISTMAS,4355.1,3231,337
ROUND SNACK BOXES SET OF 4 SKULLS,4336.7,1178,287
SMALL CHINESE STYLE SCISSOR,4335.76,13328,54
BOX OF 24 COCKTAIL PARASOLS,4329.48,7908,583
CHILDREN'S APRON DOLLY GIRL,4328.530000000001,2070,313
RED RETROSPOT WRAP,4322.42,10551,336
TRADITIONAL WOODEN CATCH CUP GAME,4322.16,3196,412
CLASSIC CAFE SUGAR DISPENSER,4312.6,3076,325
RECYCLED ACAPULCO MAT GREEN,4286.55,497,205
SET OF 6 HERB TINS SKETCHBOOK,4282.570000000001,1169,295
WICKER STAR,4260.12,1846,405
PINK FLORAL FELTCRAFT SHOULDER BAG,4235.88,1117,262
CHARLOTTE BAG DOLLY GIRL DESIGN,4231.95,5214,415
LARGE CAKE STAND  HANGING STRAWBERY,4228.01,583,146
GLASS BON BON JAR,4217.73,2355,225
ANTIQUE GLASS PEDESTAL BOWL,4215.14,1030,220
GLASS APOTHECARY BOTTLE PERFUME,4208.96,1074,246
ZINC T-LIGHT HOLDER STARS SMALL,4197.83,5089,274
HOLIDAY FUN LUDO,4194.89,1162,217
SET OF 4 ENGLISH ROSE PLACEMATS,4193.12,1000,298
RED RETROSPOT CHILDRENS UMBRELLA,4190.83,1241,237
PACK 3 BOXES BIRD PANNETONE,4188.94,2168,187
PARISIENNE KEY CABINET,4158.68,702,255
VINTAGE CREAM 3 BASKET CAKE STAND,4155.34,410,153
SCANDINAVIAN REDS RIBBONS,4151.82,2975,451
GIN AND TONIC MUG,4149.929999999999,2981,295
STRAWBERRY FAIRY CAKE TEAPOT,4147.7300000000005,798,200
ANTIQUE HEART SHELF UNIT,4145.47,275,74
CHRISTMAS STAR WISH LIST CHALKBOARD,4142.92,3502,262
DOORMAT VINTAGE LEAF,4122.2,564,142
ROUND CAKE TIN VINTAGE GREEN,4109.72,530,213
CHILDRENS CUTLERY CIRCUS PARADE,4101.37,1015,158
BUFFALO BILL TREASURE BOOK BOX,4097.28,1930,175
BATHROOM METAL SIGN,4087.45,6321,704
I LOVE LONDON BABY GIFT SET,4082.5199999999995,263,103
WOODEN HEART CHRISTMAS SCANDINAVIAN,4075.9399999999996,10610,538
PACK OF 12 TRADITIONAL CRAYONS,4072.97,9721,443
VINTAGE CHRISTMAS CAKE FRILL,4053.8799999999997,2512,151
OWL DOORSTOP,4051.79,695,251
BAG 250g SWIRLY MARBLES,4039.2799999999997,5144,248
LOVEBIRD HANGING DECORATION WHITE,4037.9799999999996,4138,544
SET/6 PINK  BUTTERFLY T-LIGHTS,4012.05,2098,186
60 CAKE CASES DOLLY GIRL DESIGN,4010.55,7518,437
WATERING CAN BLUE ELEPHANT,4002.6099999999997,2060,334
NOVELTY BISCUITS CAKE STAND 3 TIER,3999.5699999999997,391,165
HEART SHAPED HOLLY WREATH,3999.5000000000005,950,172
36 FOIL HEART CAKE CASES,3992.5800000000004,2055,198
PAINT YOUR OWN CANVAS SET,3989.9399999999996,2463,220
BLUE POLKADOT BOWL,3984.37,3121,322
SET OF 36 DOILIES PANTRY DESIGN,3983.6,2741,244
ENCHANTED BIRD COATHANGER 5 HOOK,3978.9700000000003,834,241
FELTCRAFT DOLL EMILY,3974.1300000000006,1347,267
FOOD CONTAINER SET 3 LOVE HEART,3952.19,2039,291
WALL ART DOG LICENCE,3939.76,604,114
LANDMARK FRAME BAKER STREET,3930.27,350,32
EASTER CRAFT 4 CHICKS,3929.15,1939,186
SET 10 NIGHT OWL LIGHTS,3915.48,506,170
PANTRY SCRUBBING BRUSH,3914.9599999999996,2366,291
GREEN METAL BOX ARMY SUPPLIES,3914.5,468,135
BOYS VINTAGE TIN SEASIDE BUCKET,3913.72,1441,244
RED RETROSPOT OVEN GLOVE DOUBLE,3909.63,921,255
JUMBO BAG SCANDINAVIAN PAISLEY,3908.62,2059,144
RECYCLED ACAPULCO MAT RED,3896.84,456,186
METAL SIGN HER DINNER IS SERVED,3896.4500000000003,1320,95
BICYCLE PUNCTURE REPAIR KIT,3883.99,1864,116
CAKE PLATE LOVEBIRD WHITE,3880.2,1057,222
WOODEN STAR CHRISTMAS SCANDINAVIAN,3877.68,10462,512
LARGE RED RETROSPOT WINDMILL,3877.09,1963,140
RIBBON REEL SNOWY VILLAGE,3856.07,2189,275
PEG BAG APPLES DESIGN,3853.7599999999998,1492,287
RETRO COFFEE MUGS ASSORTED,3844.81,2571,159
PARISIENNE SEWING BOX,3839.2400000000002,312,138
GYMKHANA TREASURE BOOK BOX,3824.5299999999997,1719,200
BISCUIT TIN VINTAGE RED,3823.21,589,162
SET OF 6 T-LIGHTS SANTA,3822.5000000000005,1254,204
LARGE CAKE TOWEL PINK SPOTS,3822.45,1106,134
ILLUSTRATED CAT BOWL,3822.1199999999994,1410,120
LUNCH BAG SUKI  DESIGN,3791.86,2220,200
BLUE POLKADOT PLATE,3789.3199999999997,2282,196
16 PIECE CUTLERY SET PANTRY DESIGN,3785.06,254,69
LARGE ANTIQUE WHITE PHOTO FRAME,3773.5800000000004,525,135
FOOD COVER WITH BEADS SET 2,3772.88,1012,145
SMALL RED RETROSPOT WINDMILL,3766.93,3075,226
RED RETROSPOT TRADITIONAL TEAPOT,3756.79,481,144
COLOURING PENCILS BROWN TUBE,3751.6099999999997,5098,371
STORAGE TIN VINTAGE DOILY,3751.02,1288,190
LARGE HEART MEASURING SPOONS,3725.6099999999997,1979,373
FIRST AID TIN,3722.23,1161,166
GLASS  BEURRE DISH,3721.63,881,212
TOILET SIGN OCCUPIED OR VACANT,3718.0899999999997,3777,433
CINDERELLA CHANDELIER,3717.56,221,23
FOUR HOOK  WHITE LOVEBIRDS,3713.54,1615,399
CREAM SWEETHEART EGG HOLDER,3708.52,767,161
RED RETROSPOT SUGAR JAM BOWL,3692.37,1520,246
S/6 WOODEN SKITTLES IN COTTON BAG,3689.46,1152,231
VINTAGE BLUE KITCHEN CABINET,3685.0,26,20
GLASS APOTHECARY BOTTLE TONIC,3678.11,925,223
MISTLETOE HEART WREATH GREEN,3676.1800000000003,882,179
IVORY GIANT GARDEN THERMOMETER,3674.7000000000003,597,195
FRENCH ENAMEL CANDLEHOLDER,3666.2900000000004,1701,317
WALL TIDY RETROSPOT,3649.0699999999997,2288,293
ANTIQUE SILVER BAUBLE LAMP,3635.23,381,78
BABUSHKA LIGHTS STRING OF 10,3633.17,517,153
SET OF 6 SNACK LOAF BAKING CASES,3631.0499999999997,4420,354
FAIRY TALE COTTAGE NIGHTLIGHT,3626.45,2093,94
CAKE STAND 3 TIER MAGIC GARDEN,3624.5999999999995,308,88
WHITE ROCKING HORSE HAND PAINTED,3617.78,2902,192
DRAWER KNOB CRACKLE GLAZE IVORY,3608.5799999999995,2162,194
EMPIRE DESIGN ROSETTE,3606.4199999999996,4244,28
CHARLIE AND LOLA FIGURES TINS,3587.1899999999996,1523,214
SET OF 16 VINTAGE PISTACHIO CUTLERY,3585.99,317,104
ZINC HERB GARDEN CONTAINER,3585.39,567,204
RIBBON REEL CHRISTMAS SOCK BAUBLE,3585.02,1835,318
TEA BAG PLATE RED RETROSPOT,3584.99,4086,358
COLOURED GLASS STAR T-LIGHT HOLDER,3584.9100000000003,1013,52
CLASSIC CHROME BICYCLE BELL,3582.97,2501,193
ROTATING LEAVES T-LIGHT HOLDER,3578.83,1934,313
PACK OF 20 NAPKINS RED APPLES,3573.83,4385,375
IVORY WICKER HEART LARGE,3570.7599999999998,2076,287
ANTIQUE TALL SWIRLGLASS TRINKET POT,3564.49,871,203
STRAWBERRY SHOPPER BAG,3564.48,2857,412
RETROSPOT LAMP,3561.3399999999997,334,155
RED BABY BUNTING,3559.0,1128,234
BUNDLE OF 3 RETRO NOTE BOOKS,3557.9399999999996,2158,276
SET OF 36 PAISLEY FLOWER DOILIES,3545.6,2219,360
VINTAGE PAISLEY STATIONERY SET,3529.12,1913,436
BAG 125g SWIRLY MARBLES,3528.89,9390,294
DOORMAT PEACE ON EARTH BLUE,3519.6600000000003,705,32
6 GIFT TAGS VINTAGE CHRISTMAS,3517.5199999999995,4016,327
SET OF 12 FORK CANDLES,3507.51,1249,141
GIRLS VINTAGE TIN SEASIDE BUCKET,3507.17,1330,231
"TRAY, BREAKFAST IN BED",3491.8599999999997,275,80
RED RETROSPOT CUP,3488.44,3969,387
GAOLERS KEYS DECORATIVE GARDEN,3486.98,938,214
CHRISTMAS PUDDING TRINKET POT,3470.83,6751,241
SET OF 9 HEART SHAPED BALLOONS,3456.75,2766,266
ROLL WRAP VINTAGE SPOT,3456.33,2721,305
TEA TIME KITCHEN APRON,3456.15,609,133
METAL SIGN DROP YOUR PANTS,3450.21,1277,206
RETROSPOT GIANT TUBE MATCHES,3450.15,1497,132
PINK  POLKADOT PLATE,3449.6,2065,185
CAMOUFLAGE DESIGN TEDDY,3448.05,1631,36
IVORY HANGING DECORATION  HEART,3447.5499999999997,3889,317
MIRRORED DISCO BALL,3446.9500000000003,651,134
COFFEE MUG DOG + BALL DESIGN,3444.91,1542,196
SET OF 5 MINI GROCERY MAGNETS,3437.85,1672,205
6 GIFT TAGS 50'S CHRISTMAS,3431.89,3743,322
FANCY FONTS BIRTHDAY WRAP,3430.0,8600,230
WOODLAND MINI BACKPACK,3427.94,820,152
GLASS APOTHECARY BOTTLE ELIXIR,3427.4800000000005,858,209
FELTCRAFT GIRL NICOLE KIT,3427.3500000000004,669,182
OFFICE MUG WARMER BLACK+SILVER,3418.51,1137,142
SET 3 WICKER STORAGE BASKETS,3399.95,241,74
SET OF 4 KNICK KNACK TINS POPPIES,3399.4900000000002,853,178
RED GINGHAM ROSE JEWELLERY BOX,3398.95,1744,286
SPACEBOY BIRTHDAY CARD,3397.65,8185,527
CHARLIE+LOLA PINK HOT WATER BOTTLE,3390.88,1005,313
BUTTON BOX,3380.45,1877,250
MOROCCAN TEA GLASS,3377.74,4186,125
VINTAGE  2 METRE FOLDING RULER,3375.7,1628,152
SWEETHEART 3 TIER CAKE STAND,3371.58,284,158
FLORAL FOLK STATIONERY SET,3363.34,1943,425
PACK 3 BOXES CHRISTMAS PANNETONE,3361.77,1650,161
HAPPY STENCIL CRAFT,3358.1800000000003,2831,281
DOORMAT CHRISTMAS VILLAGE,3354.22,590,52
WATERING CAN PINK BUNNY,3350.62,1720,277
RIBBON REEL HEARTS DESIGN,3348.39,1911,323
"DIAMANTE HEART SHAPED WALL MIRROR,",3328.2,415,146
SET 10 LIGHTS NIGHT OWL,3317.4700000000003,461,119
LARGE DECO JEWELLERY STAND,3314.94,264,95
BELLE JARDINIERE CUSHION COVER,3305.83,761,210
FINE WICKER HEART,3304.23,2644,237
JAM JAR WITH PINK LID,3294.91,3904,342
EMBOSSED GLASS TEALIGHT HOLDER,3289.75,2559,211
20 DOLLY PEGS RETROSPOT,3282.3,2470,222
3 HOOK HANGER MAGIC GARDEN,3280.1099999999997,1705,159
SET OF 60 VINTAGE LEAF CAKE CASES,3279.21,6151,382
SET 3 SONG BIRD PAPER EGGS ASSORTED,3277.3100000000004,1173,138
ENAMEL WATERING CAN CREAM,3266.09,622,195
SET OF 16 VINTAGE ROSE CUTLERY,3264.6299999999997,272,101
RECYCLED ACAPULCO MAT PINK,3262.57,365,164
POTTING SHED TEA MUG,3262.25,2479,302
GREEN CHRISTMAS TREE CARD HOLDER,3245.68,1266,192
POPPY'S PLAYHOUSE LIVINGROOM,3244.94,1451,328
HOME SWEET HOME CUSHION COVER,3230.41,807,229
WRAP ALPHABET DESIGN,3228.42,8001,235
RECYCLED ACAPULCO MAT BLUE,3223.49,365,162
12 PENCIL SMALL TUBE WOODLAND,3216.1200000000003,4506,355
GLASS JAR ENGLISH CONFECTIONERY,3210.52,1016,214
VICTORIAN  METAL POSTCARD SPRING,3207.69,2870,177
PACK OF 12 COLOURED PENCILS,3193.83,3959,219
SET/3 VANILLA SCENTED CANDLE IN BOX,3186.5,726,162
MINT DINER WALL CLOCK,3176.41,373,162
ROSE CARAVAN DOORSTOP,3174.84,566,162
DRAWER KNOB CERAMIC IVORY,3173.89,2173,190
WHITE WICKER STAR,3155.1800000000003,1473,294
HANGING METAL STAR LANTERN,3153.0899999999997,2060,198
MINI WOODEN HAPPY BIRTHDAY GARLAND,3138.0,1815,224
GLASS CLOCHE SMALL,3131.02,804,142
DINOSAUR LUNCH BOX WITH CUTLERY,3127.38,1281,213
SPACEBOY BEAKER,3117.34,2632,184
BLUE POLKADOT CUP,3112.81,3573,325
GREEN 3 PIECE POLKADOT CUTLERY SET,3110.91,850,79
RETROSPOT RED WASHING UP GLOVES,3090.96,1458,304
SWEETHEART BIRD HOUSE,3082.71,857,94
GLITTER BUTTERFLY CLIPS,3079.88,1130,241
VINTAGE  2 METER FOLDING RULER,3075.3699999999994,1845,181
ALPHABET STENCIL CRAFT,3063.52,2702,186
DECORATIVE WICKER HEART LARGE,3056.3399999999997,1778,233
SET OF 6 T-LIGHTS SNOWMEN,3045.6800000000003,952,165
SET OF 4 NAPKIN CHARMS CUTLERY,3044.76,1253,125
TREASURE TIN BUFFALO BILL,3037.11,1476,214
CHILDREN'S SPACEBOY MUG,3032.99,1774,227
SET OF SALT AND PEPPER TOADSTOOLS,3029.1,2478,199
TABLECLOTH RED APPLES DESIGN,3027.3799999999997,305,122
SET OF 4 KNICK KNACK TINS LEAF,3024.76,748,123
CHRISTMAS HANGING STAR WITH BELL,3022.79,5945,252
CARDHOLDER HOLLY WREATH METAL,3021.12,658,135
CHRISTMAS METAL TAGS ASSORTED,3019.12,3003,172
CITRONELLA CANDLE GARDEN POT,3018.15,1657,225
DOLLY GIRL MINI BACKPACK,3008.9900000000002,743,161
DOILEY STORAGE TIN,3004.46,1094,122
CERAMIC CHERRY CAKE MONEY BANK,3000.02,2223,276
WRAP ENGLISH ROSE,2990.92,7226,248
TROPICAL  HONEYCOMB PAPER GARLAND,2987.82,1240,101
GINGHAM HEART  DOORSTOP RED,2982.0299999999997,793,241
WOODLAND PARTY BAG + STICKER SET,2975.14,1840,183
VINTAGE UNION JACK APRON,2967.31,411,169
12 MESSAGE CARDS WITH ENVELOPES,2959.4199999999996,1740,251
SET 12 KIDS COLOUR  CHALK STICKS,2950.67,7200,369
RIBBON REEL LACE DESIGN,2948.41,1381,192
S/4 CACTI CANDLES,2946.88,617,157
COTTON APRON PANTRY DESIGN,2942.1800000000003,638,164
SET OF 3 BLACK FLYING DUCKS,2934.8100000000004,577,111
GLASS CLOCHE LARGE,2934.53,350,57
RED ROCKING HORSE HAND PAINTED,2933.07,2331,160
TEA TIME OVEN GLOVE,2931.3,2183,315
GIRLS ALPHABET IRON ON PATCHES,2923.13,13882,147
BISCUIT TIN VINTAGE GREEN,2911.27,451,126
GLASS HEART T-LIGHT HOLDER,2906.52,3336,214
RED DRAWER KNOB ACRYLIC EDWARDIAN,2901.75,2278,140
SPACEBOY CHILDRENS BOWL,2899.1000000000004,2437,214
FLOWERS CHANDELIER T-LIGHT HOLDER,2898.12,963,38
DOLLY GIRL BEAKER,2891.25,2455,174
PACK OF 60 MUSHROOM CAKE CASES,2886.9500000000003,5230,393
DOORMAT VINTAGE LEAVES DESIGN,2881.18,430,91
MODERN FLORAL STATIONERY SET,2880.45,1679,366
STOOL HOME SWEET HOME,2873.08,238,114
RETROSPOT PADDED SEAT CUSHION,2860.98,750,83
ENAMEL WASH BOWL CREAM,2858.96,743,208
PLAYING CARDS JUBILEE UNION JACK,2857.64,1934,208
CHEST OF DRAWERS GINGHAM HEART,2851.3599999999997,163,91
HEART WREATH DECORATION WITH BELL,2850.89,2288,185
BAKING MOULD HEART MILK CHOCOLATE,2849.35,1109,189
EMPIRE UNION JACK TV DINNER TRAY,2844.16,881,125
RED RETROSPOT TEA CUP AND SAUCER,2831.17,854,162
TOY TIDY SPACEBOY,2823.86,1316,285
VICTORIAN SEWING KIT,2823.83,2519,140
BLUE PARTY BAGS,2822.32,1480,118
BLUE POLKADOT WRAP,2819.84,6952,217
RED HEART SHAPE LOVE BUCKET,2803.13,1395,159
CUPBOARD 3 DRAWER MA CAMPAGNE,2786.0299999999997,171,112
SWEETHEART WIRE MAGAZINE RACK,2784.9,326,182
WHITE LOVEBIRD LANTERN,2767.01,835,164
BLUE GIANT GARDEN THERMOMETER,2763.42,450,182
BUNDLE OF 3 SCHOOL EXERCISE BOOKS,2761.8999999999996,1702,202
JAM JAR WITH GREEN LID,2761.56,3267,306
SMALL HEART MEASURING SPOONS,2759.2599999999998,2853,472
SET OF 3 WOODEN STOCKING DECORATION,2757.57,2064,319
WALL ART 70'S ALPHABET,2757.06,356,74
SINGLE ANTIQUE ROSE HOOK IVORY,2755.1,1870,261
GREEN DRAWER KNOB ACRYLIC EDWARDIAN,2754.4,2087,191
PINK DINER WALL CLOCK,2749.85,308,121
CHEST NATURAL WOOD 20 DRAWERS,2745.0,24,13
CHILDRENS DOLLY GIRL MUG,2744.5399999999995,1607,204
SILVER BELLS TABLE DECORATION,2743.13,2169,257
6 EGG HOUSE PAINTED WOOD,2742.33,301,155
PACK OF 12 HEARTS DESIGN TISSUES,2737.6299999999997,8803,427
SET OF 2 TRAYS HOME SWEET HOME,2729.33,267,133
GLITTER HANGING BUTTERFLY STRING,2725.05,1315,194
IVORY WICKER HEART MEDIUM,2721.7,2110,233
REGENCY CAKE SLICE,2718.65,578,92
ZINC WILLIE WINKIE  CANDLE STICK,2713.5499999999997,2934,268
OVERNIGHT BAG VINTAGE ROSE PAISLEY,2709.3,406,178
PINK  POLKADOT CUP,2709.04,3018,307
GREEN GIANT GARDEN THERMOMETER,2704.71,430,148
VANILLA SCENT CANDLE JEWELLED BOX,2700.73,1397,106
RIBBON REEL CHRISTMAS PRESENT,2695.8,1389,259
SET OF 3 WOODEN SLEIGH DECORATIONS,2694.56,1966,299
DOORMAT WELCOME SUNRISE,2686.7200000000003,372,120
BLACK AND WHITE CAT BOWL,2684.6499999999996,1363,49
SPACEBOY GIFT WRAP,2683.84,6552,208
DOORMAT I LOVE LONDON,2678.96,364,102
MA CAMPAGNE CUTLERY BOX,2676.75,169,101
WATERING CAN GREEN DINOSAUR,2667.5,1394,227
PARTY CONE CHRISTMAS DECORATION,2664.6299999999997,2277,110
LARGE CAKE TOWEL CHOCOLATE SPOTS,2663.62,926,104
ROUND CONTAINER SET OF 5 RETROSPOT,2663.5399999999995,1604,238
TRIPLE HOOK ANTIQUE IVORY ROSE,2655.13,801,227
TOTE BAG I LOVE LONDON,2650.08,1296,136
PACK OF 6 SWEETIE GIFT BOXES,2649.35,1061,102
FLUTED ANTIQUE CANDLE HOLDER,2643.33,2809,206
GARLAND WOODEN HAPPY EASTER,2641.93,1978,239
FOLKART ZINC HEART CHRISTMAS DEC,2640.8599999999997,2999,244
N0 SINGING METAL SIGN,2639.42,1225,49
RECYCLED ACAPULCO MAT LAVENDER,2621.43,297,130
ANTIQUE ALL GLASS CANDLESTICK,2618.25,1171,199
3 TRADITIONAl BISCUIT CUTTERS  SET,2610.61,1211,232
UTILTY CABINET WITH HOOKS,2610.29,131,6
BLACK AND WHITE DOG BOWL,2608.08,1198,52
VINTAGE LEAF MAGNETIC NOTEPAD,2605.5,1710,274
HALL CABINET WITH 3 DRAWERS,2603.5299999999997,76,5
PINK OWL SOFT TOY,2600.13,879,171
GLASS JAR DAISY FRESH COTTON WOOL,2598.23,729,268
BLUE DRAWER KNOB ACRYLIC EDWARDIAN,2593.53,1904,195
PINK POLKADOT WRAP,2593.0,6350,213
SET/6 TURQUOISE BUTTERFLY T-LIGHTS,2590.42,1293,165
CREAM WALL PLANTER HEART SHAPED,2588.7000000000003,434,158
SMALL DOLLY MIX DESIGN ORANGE BOWL,2588.09,5085,527
BAKING MOULD EASTER EGG MILK CHOC,2585.92,940,122
PENS ASSORTED FUNNY FACE,2578.24,9608,216
TWO DOOR CURIO CABINET,2577.45,212,83
STOP FOR TEA WALL ART,2572.7,518,41
SPACEBOY CHILDRENS CUP,2558.82,2051,216
KINGS CHOICE TEA CADDY,2557.1200000000003,700,255
PINK DOUGHNUT TRINKET POT,2556.2,1734,241
TOADSTOOL MONEY BOX,2549.11,817,184
SET/20 STRAWBERRY PAPER NAPKINS,2540.39,2780,313
MISTLETOE HEART WREATH CREAM,2539.63,625,110
GINGHAM RECIPE BOOK BOX,2529.42,466,135
LUNCH BAG RED VINTAGE DOILY,2526.69,1577,132
GLASS STAR FROSTED T-LIGHT HOLDER,2519.38,518,131
FRENCH WC SIGN BLUE METAL,2518.0,1883,301
CERAMIC STRAWBERRY MONEY BOX,2515.52,977,114
RED REFECTORY CLOCK,2511.59,251,110
FRENCH BATHROOM SIGN BLUE METAL,2511.22,1476,219
BAKING MOULD CHOCOLATE CUPCAKES,2507.14,950,157
6 RIBBONS ELEGANT CHRISTMAS,2503.3399999999997,1800,200
CREAM SLICE FLANNEL PINK SPOT,2501.56,904,97
SET 12 COLOUR PENCILS SPACEBOY,2495.75,3285,282
MAN FLU METAL SIGN,2494.3300000000004,1162,180
CAKE STAND WHITE TWO TIER LACE,2471.39,343,101
PAPER LANTERN 9 POINT SNOW STAR,2464.61,499,89
ROLL WRAP 50'S RED CHRISTMAS,2462.95,1803,212
PEARL CRYSTAL PUMPKIN T-LIGHT HLDR,2449.2999999999997,1474,159
VINTAGE BELLS GARLAND,2443.35,821,149
S/4 VALENTINE DECOUPAGE HEART BOX,2443.04,1484,131
AIRLINE BAG VINTAGE JET SET RED,2440.27,549,223
CHARLIE + LOLA RED HOT WATER BOTTLE,2430.44,939,255
KINGS CHOICE MUG,2429.38,2055,148
HOME SWEET HOME KEY HOLDER,2428.9100000000003,457,111
SET OF 6 T-LIGHTS TOADSTOOLS,2428.1800000000003,825,195
STAR WOODEN CHRISTMAS DECORATION,2427.25,2689,221
SET OF 3 WOODEN TREE DECORATIONS,2423.54,1784,293
MAKE YOUR OWN FLOWERPOWER CARD KIT,2420.34,934,206
SET OF 6 T-LIGHTS CACTI,2419.29,881,108
SET OF 9 BLACK SKULL BALLOONS,2418.94,2830,226
BALLOONS  WRITING SET,2418.68,1342,346
SHELF WITH 4 HOOKS HOME SWEET HOME,2409.34,461,107
OVAL WALL MIRROR DIAMANTE,2401.0699999999997,237,156
36 PENCILS TUBE SKULLS,2400.05,1799,263
BLUE SAVANNAH PICNIC HAMPER FOR 2,2393.5899999999997,256,124
BOX OF 6 ASSORTED COLOUR TEASPOONS,2389.52,558,210
ASSTD DESIGN RACING CAR PEN,2389.44,1615,113
BALLOON WATER BOMB PACK OF 35,2385.12,6034,154
SET OF 10 LANTERNS FAIRY LIGHT STAR,2384.9700000000003,581,99
12 PENCILS TALL TUBE RED RETROSPOT,2382.46,2746,268
12 EGG HOUSE PAINTED WOOD,2378.52,149,99
CLASSIC BICYCLE CLIPS,2378.4799999999996,1644,99
HANGING HEART WITH BELL,2376.0499999999997,4620,219
SET 20 NAPKINS FAIRY CAKES DESIGN,2375.44,2749,350
BICYCLE SAFTEY WALL ART,2371.94,458,39
LE JARDIN BOTANIQUE CUSHION COVER,2371.25,566,166
TEA TIME TEAPOT IN GIFT BOX,2360.68,380,113
SMALL RED RETROSPOT MUG IN BOX,2358.15,949,116
SKULLS AND CROSSBONES WRAP,2356.0,5800,165
RUSTIC MIRROR WITH LACE HEART,2354.87,459,83
HEART MIRROR ANTIQUE WHITE,2354.8,358,76
HEADS AND TAILS SPORTING FUN,2351.44,1977,209
ENAMEL COLANDER CREAM,2346.1200000000003,460,166
50'S CHRISTMAS GIFT BAG LARGE,2343.63,1915,129
BIG DOUGHNUT FRIDGE MAGNETS,2334.94,1726,198
36 PENCILS TUBE WOODLAND,2331.14,1741,185
WRAP PINK FAIRY CAKES,2331.0,5800,167
SWEETHEART WIRE WALL TIDY,2315.33,229,109
RIBBON REEL MAKING SNOWMEN,2315.25,1233,223
RED GINGHAM TEDDY BEAR,2314.7400000000002,774,169
SET 36 COLOUR PENCILS SPACEBOY,2313.53,1712,185
ASSORTED COLOUR T-LIGHT HOLDER,2304.8300000000004,3631,120
PACK OF 12 SUKI TISSUES,2304.14,7612,359
GROW YOUR OWN BASIL IN ENAMEL MUG,2301.31,1051,219
DECORATIVE WICKER HEART MEDIUM,2299.47,1804,216
HANGING JAM JAR T-LIGHT HOLDERS,2298.0499999999997,2813,92
CACTI T-LIGHT CANDLES,2292.34,5353,143
SLATE TILE NATURAL HANGING,2291.4399999999996,1510,162
CHOCOLATE BOX RIBBONS,2284.36,1728,309
DRAWER KNOB CRACKLE GLAZE GREEN,2284.12,1340,154
GARLAND WITH STARS AND BELLS,2280.4700000000003,549,112
POTTING SHED TWINE,2279.09,983,110
SKETCHBOOK MAGNETIC SHOPPING LIST,2274.0,1456,246
BLUE COAT RACK PARIS FASHION,2266.1600000000003,468,154
CARD BILLBOARD FONT,2261.6,5302,443
POLYESTER FILLER PAD 40x40cm,2256.2,1556,185
VINTAGE BILLBOARD TEA MUG,2251.77,1950,86
SWALLOWS GREETING CARD,2247.97,5551,274
VINTAGE RED ENAMEL TRIM JUG,2246.61,599,136
SMALL PARISIENNE HEART PHOTO FRAME,2244.2200000000003,941,142
TOADSTOOL BEDSIDE LIGHT,2243.35,253,106
HANGING MINI COLOURED BOTTLES,2237.71,3443,76
PACK OF 20 SKULL PAPER NAPKINS,2235.65,2412,335
STRAWBERRY RAFFIA FOOD COVER,2228.09,641,163
CHRISTMAS RETROSPOT ANGEL WOOD,2222.3799999999997,2482,200
KEY RING BASEBALL BOOT UNION JACK,2220.37,1823,112
BIRDHOUSE GARDEN MARKER,2218.12,1543,140
CERAMIC CAKE DESIGN SPOTTED MUG,2214.08,1456,187
CLASSIC FRENCH STYLE BASKET NATURAL,2213.42,522,106
LETTER HOLDER HOME SWEET HOME,2207.86,626,134
RED RETROSPOT APRON,2205.4700000000003,335,131
HEART WOODEN CHRISTMAS DECORATION,2202.14,2336,222
"KEY FOB , SHED",2201.07,3234,372
KNEELING MAT HOUSEWORK  DESIGN,2194.62,1544,230
ROCKING HORSE RED CHRISTMAS,2191.43,2441,254
KEY CABINET MA CAMPAGNE,2186.27,207,108
VINTAGE CHRISTMAS GIFT BAG LARGE,2182.39,1831,105
6 CHOCOLATE LOVE HEART T-LIGHTS,2179.6600000000003,1065,142
ICE CREAM BUBBLES,2177.8399999999997,2688,101
KINGS CHOICE BISCUIT TIN,2175.04,468,180
PACK OF 6 SANDCASTLE FLAGS ASSORTED,2173.0499999999997,2524,224
BOTTLE BAG RETROSPOT,2171.53,1330,207
WRAP RED APPLES,2168.76,5278,174
NOEL WOODEN BLOCK LETTERS,2165.65,353,133
RETROSPOT CIGAR BOX MATCHES,2164.46,2162,216
3D VINTAGE CHRISTMAS STICKERS,2162.75,1645,188
DRAWER KNOB CRACKLE GLAZE PINK,2162.2,1284,153
WOODLAND  HEIGHT CHART STICKERS,2160.0,724,119
PIZZA PLATE IN BOX,2158.06,594,179
HERB MARKER BASIL,2155.94,3427,242
TOILET METAL SIGN,2155.8900000000003,3883,405
SET/6 PURPLE BUTTERFLY T-LIGHTS,2149.4,890,196
CARD HOLDER GINGHAM HEART,2149.31,687,175
DRAWER KNOB CRACKLE GLAZE BLUE,2148.5299999999997,1213,134
TRAVEL CARD WALLET I LOVE LONDON,2147.55,4783,241
CHILDREN'S CIRCUS PARADE MUG,2145.91,1261,144
REGENCY CAKE FORK,2145.3,1715,98
WRAP VINTAGE LEAF DESIGN,2140.92,5326,134
STAR WREATH DECORATION WITH BELL,2139.67,1683,152
CHINESE DRAGON PAPER LANTERNS,2136.34,5556,97
STRAWBERRY CERAMIC TRINKET POT,2133.7200000000003,1371,125
SEWING BOX RETROSPOT DESIGN,2132.44,211,86
PARTY CONES CANDY ASSORTED,2127.53,1762,76
CERAMIC CAKE BOWL + HANGING CAKES,2126.3900000000003,717,134
TEA FOR ONE POLKADOT,2125.18,424,168
POMPOM CURTAIN,2124.15,424,82
WOODEN REGATTA BUNTING,2121.9900000000002,334,150
PACK OF 12 RED RETROSPOT TISSUES,2121.7599999999998,6687,297
HEART DECORATION WITH PEARLS,2114.83,2198,256
RED METAL BEACH SPADE,2114.64,1494,229
PAPER LANTERN 9 POINT DELUXE STAR,2111.4900000000002,349,36
FUNKY WASHING UP GLOVES ASSORTED,2108.7200000000003,1003,198
RED SPOT GIFT BAG LARGE,2107.42,1727,103
WRAP POPPIES  DESIGN,2105.5,5175,158
"FANCY FONT BIRTHDAY CARD,",2101.0099999999998,4958,323
TRAVEL CARD WALLET VINTAGE TICKET,2099.97,4813,408
IVORY SWEETHEART WIRE LETTER RACK,2095.65,558,159
3D TRADITIONAL CHRISTMAS STICKERS,2095.08,1583,197
CERAMIC STRAWBERRY DESIGN MUG,2094.24,1790,173
IVORY REFECTORY CLOCK,2094.24,213,86
VINTAGE RED ENAMEL TRIM MUG,2092.0,1701,119
MAKE YOUR OWN MONSOON CARD KIT,2091.5400000000004,870,172
SET 12 LAVENDER  BOTANICAL T-LIGHTS,2089.64,764,76
CHRISTMAS GINGHAM STAR,2087.3399999999997,2265,198
POPPY'S PLAYHOUSE BATHROOM,2087.15,957,227
MINI CAKE STAND  HANGING STRAWBERY,2086.49,1377,220
DOG LICENCE WALL ART,2081.64,408,29
SET 8 CANDLES VINTAGE DOILY,2079.85,1065,107
SOAP DISH BROCANTE,2076.63,721,110
SET 36 COLOURING PENCILS DOILY,2076.6,1490,147
VILLAGE SHOW WALL ART,2072.42,386,18
WHITE BROCANTE SOAP DISH,2070.9,706,121
36 FOIL STAR CAKE CASES,2070.15,1048,134
FILIGREE HEART BUTTERFLY WHITE,2070.06,1642,117
BAKING MOULD ROSE MILK CHOCOLATE,2066.82,690,65
GLASS  SONGBIRD STORAGE JAR,2065.14,169,73
DOLLY GIRL CHILDRENS CUP,2060.28,1635,195
T-LIGHT HOLDER HANGING LOVE BIRD,2055.27,548,101
MIRROR MOSAIC VOTIVE HOLDER,2053.17,1438,69
ENGLISH ROSE GARDEN SECATEURS,2049.45,2019,212
KEY RING BASEBALL BOOT ASSORTED,2044.58,1631,98
UNION JACK FLAG PASSPORT COVER,2043.79,829,184
DOORMAT NEIGHBOURHOOD WITCH,2038.39,279,95
IVORY EMBROIDERED QUILT,2038.0900000000001,54,31
GREEN POLKADOT BOWL,2032.48,1576,205
RIBBON REEL POLKADOTS,2028.23,1221,155
WHITE WIRE EGG HOLDER,2027.74,314,76
BROCANTE COAT RACK,2025.96,220,60
METAL SIGN EMPIRE TEA,2020.91,1549,228
SET OF 2 CERAMIC CHRISTMAS REINDEER,2019.59,1448,89
"FEATHER PEN,HOT PINK",2018.78,3890,239
OVEN MITT APPLES DESIGN,2016.0,1352,211
KEEP CALM WALL ART,2015.97,269,20
WRAP CHRISTMAS VILLAGE,2014.42,4901,142
DOLLY GIRL CHILDRENS BOWL,2013.7,1622,191
EASTER TIN BUNNY BOUQUET,2012.9699999999998,1209,158
VINTAGE UNION JACK CUSHION COVER,2012.3400000000001,386,104
HOT STUFF HOT WATER BOTTLE,2012.13,595,89
GLASS JAR DIGESTIVE BISCUITS,2010.17,619,164
STORAGE TIN VINTAGE LEAF,2010.13,775,109
CABIN BAG VINTAGE PAISLEY,2010.12,99,34
STAR T-LIGHT HOLDER WILLIE WINKIE,2009.9499999999998,1183,119
SMALL DECO JEWELLERY STAND,2005.81,243,79
COSY HOUR CIGAR BOX MATCHES,2001.1399999999999,1378,146
RED STAR CARD HOLDER,1997.48,848,149
YELLOW GIANT GARDEN THERMOMETER,1993.75,288,115
HOT WATER BOTTLE SEX BOMB,1993.6000000000001,453,102
OCEAN SCENT CANDLE IN JEWELLED BOX,1993.48,1028,82
SMALL MARSHMALLOWS PINK BOWL,1991.36,3764,447
WOODEN TREE CHRISTMAS SCANDINAVIAN,1988.8899999999999,5170,338
MINI CAKE STAND WITH HANGING CAKES,1986.24,1361,183
BAKING MOULD TOFFEE CUP CHOCOLATE,1985.5800000000002,878,71
FAIRY TALE COTTAGE NIGHT LIGHT,1981.29,977,115
WATERING CAN GARDEN MARKER,1980.4,1374,127
SANDALWOOD FAN,1979.4899999999998,2091,145
CHARLIE+LOLA RED HOT WATER BOTTLE,1977.7900000000002,432,166
SET 12 RETRO WHITE CHALK STICKS,1973.9099999999999,4600,359
BAKING MOULD HEART WHITE CHOCOLATE,1968.4,815,129
JAZZ HEARTS PURSE NOTEBOOK,1965.81,4451,277
RED SPOT PAPER GIFT BAG,1962.83,2456,131
OFFICE MUG WARMER POLKADOT,1962.2900000000002,649,131
FILIGREE HEART BIRD WHITE,1960.0,1492,125
ZINC T-LIGHT HOLDER STAR LARGE,1956.6799999999998,2060,167
HANGING CHICK CREAM DECORATION,1946.62,1317,120
3 TIER SWEETHEART GARDEN SHELF,1938.2500000000002,55,43
METAL SIGN NEIGHBOURHOOD WITCH,1938.15,914,147
SET OF 4 NAPKIN CHARMS HEARTS,1937.7099999999998,806,148
SET OF 16 VINTAGE SKY BLUE CUTLERY,1931.1699999999998,178,66
WRAP DOILEY DESIGN,1927.26,4703,164
WHITE BELL HONEYCOMB PAPER,1924.9399999999998,1093,88
LE GRAND TRAY CHIC SET,1924.92,152,79
FRYING PAN RED RETROSPOT,1923.59,467,166
SET/3 ROSE CANDLE IN JEWELLED BOX,1916.1399999999999,402,112
CAKE STAND VICTORIAN FILIGREE MED,1916.01,322,129
KNICKERBOCKERGLORY MAGNET ASSORTED,1914.7299999999998,2233,135
SWISS ROLL TOWEL PINK  SPOTS,1913.6899999999998,706,39
APPLE BATH SPONGE,1913.67,1338,229
FELTCRAFT BOY JEAN-PAUL KIT,1909.51,371,127
DAIRY MAID LARGE MILK JUG,1908.88,376,155
CHRISTMAS GINGHAM TREE,1905.7699999999998,2006,196
ALUMINIUM STAMPED HEART,1902.19,783,130
VINTAGE JINGLE BELLS HEART,1897.76,228,78
WHITE JEWELLED HEART DECORATION,1897.4499999999998,2164,162
WRAP 50'S  CHRISTMAS,1892.46,4563,149
3 RAFFIA RIBBONS 50'S CHRISTMAS,1892.07,2105,199
VINTAGE BILLBOARD LOVE/HATE MUG,1890.33,1638,198
PARLOUR CERAMIC WALL HOOK,1889.7500000000002,455,75
POSTE FRANCE CUSHION COVER,1888.9,438,150
SET OF 3 COLOURED  FLYING DUCKS,1888.1000000000001,394,39
RETROSPOT WOODEN HEART DECORATION,1887.9799999999998,2078,246
PINK POLKADOT GARDEN PARASOL,1885.27,228,97
12 PENCILS TALL TUBE SKULLS,1884.9199999999998,2156,256
TEA PARTY BIRTHDAY CARD,1883.79,4392,362
MAGIC DRAWING SLATE SPACEBOY,1871.12,4496,261
LARGE POPCORN HOLDER,1870.9099999999999,1025,86
VINTAGE GLASS T-LIGHT HOLDER,1870.86,2238,149
EASTER TIN KEEPSAKE,1865.7299999999998,1129,136
LOVE HEART POCKET WARMER,1865.6299999999999,2703,120
SET/3 OCEAN SCENT CANDLE JEWEL BOX,1863.8700000000001,401,114
PACK OF 6 SKULL PAPER PLATES,1862.75,2321,193
I CAN ONLY PLEASE ONE PERSON MUG,1861.46,1415,163
CAKE STAND LOVEBIRD 2 TIER WHITE,1859.2,232,86
ENAMEL FIRE BUCKET CREAM,1854.76,246,114
CHRISTMAS METAL POSTCARD WITH BELLS,1843.64,3375,111
SET OF 6 FUNKY BEAKERS,1843.6100000000001,551,162
PACK OF 12 50'S CHRISTMAS TISSUES,1842.42,4003,176
CARD DOLLY GIRL,1842.36,4483,312
REX CASH+CARRY JUMBO SHOPPER,1842.05,1939,871
IF YOU CAN'T STAND THE HEAT MUG,1838.05,1621,116
GENTLEMAN SHIRT REPAIR KIT,1837.4699999999998,2166,170
CITRONELLA CANDLE FLOWERPOT,1836.64,795,157
FAIRY CAKE DESIGN UMBRELLA,1832.4199999999998,454,134
PINK  HEART SHAPE LOVE BUCKET,1831.6200000000001,1042,123
MEASURING TAPE BABUSHKA PINK,1831.1100000000001,746,144
LED TEA LIGHTS,1829.65,635,65
RED PAPER PARASOL,1822.71,645,84
CAKE PLATE LOVEBIRD PINK,1821.6100000000001,441,78
REGENCY TEA SPOON,1809.48,1462,76
FRYING PAN PINK POLKADOT,1809.48,398,140
LAVENDER SCENTED FABRIC HEART,1809.33,1366,138
SET OF 4 FAIRY CAKE PLACEMATS,1808.75,741,151
MAGIC DRAWING SLATE PURDEY,1805.21,4755,156
3 ROSE MORRIS BOXED CANDLES,1805.0,1133,158
CHOCOLATE CALCULATOR,1799.9999999999998,960,198
GREEN POLKADOT PLATE,1792.27,1078,128
ROSE 3 WICK MORRIS BOX CANDLE,1787.88,1153,131
BLUE REFECTORY CLOCK,1787.4099999999999,174,82
TOOL BOX SOFT TOY,1782.54,180,105
BROCANTE SHELF WITH HOOKS,1781.82,162,76
MINIATURE ANTIQUE ROSE HOOK IVORY,1779.6599999999999,2096,243
WRAP I LOVE LONDON,1774.42,4501,104
MONSTERS STENCIL CRAFT,1773.3700000000001,1421,211
TEA TIME TABLE CLOTH,1769.25,187,33
BASKET OF TOADSTOOLS,1767.15,1430,130
SET OF 4 ENGLISH ROSE COASTERS,1767.05,1254,279
PEACE WOODEN BLOCK LETTERS,1766.57,351,106
DOCTOR'S BAG SOFT TOY,1765.3999999999999,184,72
OFFICE MUG WARMER CHOC+BLUE,1762.0700000000002,571,133
PETIT TRAY CHIC,1759.7899999999997,1047,146
DOG BOWL VINTAGE CREAM,1757.8799999999999,390,125
RETROSPOT SMALL TUBE MATCHES,1754.8999999999999,1066,146
SET OF 12 T-LIGHTS VINTAGE DOILY,1753.36,932,73
SET 36 COLOUR PENCILS DOLLY GIRL,1752.79,1391,147
HOME SWEET HOME HANGING HEART,1752.35,1922,225
GARLAND WITH HEARTS AND BELLS,1751.22,394,100
STRAWBERRY BATH SPONGE,1749.18,1235,228
SILVER STARS TABLE DECORATION,1744.61,2037,213
12 PENCILS TALL TUBE WOODLAND,1742.27,1976,249
SET OF 16 VINTAGE RED CUTLERY,1736.35,160,58
BULL DOG BOTTLE TOP WALL CLOCK,1733.57,201,82
DINOSAURS  WRITING SET,1728.6399999999999,944,287
PARTY CHARMS 50 PIECES,1727.75,2253,133
SET OF 16 VINTAGE BLACK CUTLERY,1722.74,140,50
KINGS CHOICE GIANT TUBE MATCHES,1721.85,743,67
DAIRY MAID STRIPE MUG,1721.0900000000001,1907,82
WHEELBARROW FOR CHILDREN,1720.26,125,79
SET OF 12  VINTAGE POSTCARD SET,1719.8400000000001,2182,143
GEORGIAN TRINKET BOX,1719.0,144,61
MINI JIGSAW SPACEBOY,1716.1799999999998,4521,175
S/4 PINK FLOWER CANDLES IN BOWL,1715.8999999999999,922,185
ROBOT BIRTHDAY CARD,1715.48,3977,354
HANGING HEART MIRROR DECORATION,1708.0700000000002,2341,289
BAKING MOULD EASTER EGG WHITE CHOC,1707.47,589,78
CARD MOTORBIKE SANTA,1706.8799999999999,4023,266
SET 12 KIDS  WHITE CHALK STICKS,1704.03,4156,225
FRENCH TOILET SIGN BLUE METAL,1697.72,1350,187
MULTICOLOUR SPRING FLOWER MUG,1695.86,2544,135
AFGHAN SLIPPER SOCK PAIR,1690.5500000000002,519,22
SKULLS  WATER TRANSFER TATTOOS,1690.23,1975,174
T-LIGHT HOLDER SWEETHEART HANGING,1688.22,860,138
WRAP SUKI AND FRIENDS,1687.5,4075,134
SKULL AND CROSSBONES  GARLAND,1686.4999999999998,1068,132
SET 12 COLOUR PENCILS DOLLY GIRL,1681.5,2382,232
JINGLE BELL HEART ANTIQUE GOLD,1680.48,782,102
SKULLS PARTY BAG + STICKER SET,1679.6499999999999,1033,148
LIPSTICK PEN RED,1676.8799999999999,3347,272
RED COAT RACK PARIS FASHION,1673.15,352,112
HEART DECORATION PAINTED ZINC,1672.7900000000002,2386,225
6 RIBBONS EMPIRE,1669.5299999999997,1260,225
BLUE POLKADOT GARDEN PARASOL,1668.49,200,89
SAVE THE PLANET COTTON TOTE BAG,1664.8999999999999,720,175
WOODLAND DESIGN  COTTON TOTE BAG,1664.51,749,127
PINK HANGING HEART T-LIGHT HOLDER,1664.16,880,76
PLAYING CARDS I LOVE LONDON,1660.04,1207,115
SET OF 2 CERAMIC PAINTED HEARTS,1659.37,1183,125
DAISY GARDEN MARKER,1658.57,1139,98
CHARLIE + LOLA BISCUITS TINS,1657.87,555,118
SUNSET CHECK HAMMOCK,1657.42,192,62
CAT BOWL VINTAGE CREAM,1655.96,472,116
PACK OF 12 WOODLAND TISSUES,1655.36,5482,271
"SWISS ROLL TOWEL, CHOCOLATE  SPOTS",1652.27,901,94
HANGING  BUTTERFLY T-LIGHT HOLDER,1651.36,1340,73
SILVER RECORD COVER FRAME,1649.6399999999999,365,41
HEART T-LIGHT HOLDER WILLIE WINKIE,1649.0499999999997,969,112
HEART DECORATION RUSTIC HANGING,1647.16,5088,340
CHILDRENS TOY COOKING UTENSIL SET,1642.13,750,168
3 WHITE CHOC MORRIS BOXED CANDLES,1642.07,950,121
HEN HOUSE DECORATION,1641.62,954,131
AIRLINE BAG VINTAGE JET SET BROWN,1639.29,349,167
SET 12 COLOURING PENCILS DOILY,1638.7,2204,191
ANGEL DECORATION 3 BUTTONS,1638.35,3749,162
SPACEBOY TV DINNER TRAY,1636.27,303,132
FOLKART STAR CHRISTMAS DECORATIONS,1634.9199999999998,3582,131
SWEETHEART WIRE FRUIT BOWL,1631.58,208,89
I LOVE LONDON MINI BACKPACK,1628.17,389,86
PENCIL CASE LIFE IS BEAUTIFUL,1624.7600000000002,537,130
SPACEBOY CHILDRENS EGG CUP,1624.63,1204,186
TV DINNER TRAY VINTAGE PAISLEY,1623.04,503,112
FAIRY CAKE BIRTHDAY CANDLE SET,1622.24,440,92
FOLDING UMBRELLA RED/WHITE POLKADOT,1621.76,347,120
WALL MIRROR RECTANGLE DIAMANTE PINK,1614.4,207,87
LAUREL HEART ANTIQUE SILVER,1613.82,1309,97
RED VINTAGE SPOT BEAKER,1613.59,1891,198
STRAWBERRY HONEYCOMB  GARLAND,1610.9199999999998,1290,109
LADS ONLY TISSUE BOX,1610.41,1650,143
FRENCH LAUNDRY SIGN BLUE METAL,1610.35,963,144
HANGING CHICK  YELLOW DECORATION,1608.86,1139,112
SKULL DESIGN TV DINNER TRAY,1605.67,316,138
METAL DECORATION NAUGHTY CHILDREN,1604.99,1601,136
COFFEE MUG PINK PAISLEY DESIGN,1604.58,693,51
RED POLKADOT BEAKER,1603.77,3865,131
WHITE TALL PORCELAIN T-LIGHT HOLDER,1601.21,699,69
FILIGREE HEART DAISY WHITE,1596.67,1247,98
ROUND STORAGE TIN VINTAGE LEAF,1593.58,864,103
MAGNETS PACK OF 4 SWALLOWS,1589.51,2576,248
SILK PURSE BABUSHKA PINK,1587.3000000000002,492,143
VINTAGE UNION JACK PENNANT,1586.75,795,99
PACK OF 12 SKULL TISSUES,1583.4099999999999,5275,232
POLYESTER FILLER PAD 45x45cm,1582.55,1021,137
SET 36 COLOUR PENCILS LOVE LONDON,1581.06,1105,126
FRENCH BLUE METAL DOOR SIGN 1,1580.89,1157,199
BALLOON PUMP WITH 10 BALLOONS,1580.16,798,124
DAIRY MAID TRADITIONAL TEAPOT,1578.42,218,111
CHERRY BLOSSOM  DECORATIVE FLASK,1576.96,380,126
WOOD STAMP SET THANK YOU,1576.4699999999998,1515,280
EMERGENCY FIRST AID TIN,1573.52,1089,245
PACK OF 6 HANDBAG GIFT BOXES,1572.9499999999998,574,111
COWBOYS AND INDIANS BIRTHDAY CARD,1572.28,3741,274
CREAM FELT EASTER EGG BASKET,1572.2299999999998,976,114
ROCOCO WALL MIRROR WHITE,1567.1399999999999,78,45
PAPER CHAIN KIT SKULLS,1566.99,548,97
VINTAGE SEASIDE JIGSAW PUZZLES,1565.83,398,148
OFFICE MUG WARMER PINK,1564.8300000000002,565,65
SNOWFLAKE PORTABLE TABLE LIGHT,1563.5500000000002,531,127
SMALL HEART FLOWERS HOOK,1561.6999999999998,1786,172
CARD CHRISTMAS VILLAGE,1560.48,3657,244
FRENCH KITCHEN SIGN BLUE METAL,1558.91,1243,164
RED RETROSPOT PURSE,1546.2700000000002,461,156
HEART CALCULATOR,1545.59,1183,131
PANTRY PASTRY BRUSH,1545.02,1155,212
CHRISTMAS RETROSPOT STAR WOOD,1544.9299999999998,1700,193
FIVE HEART HANGING DECORATION,1541.6200000000001,462,142
POTTING SHED ROSE CANDLE,1541.11,493,25
BLUE OWL SOFT TOY,1539.8300000000002,513,115
TV DINNER TRAY DOLLY GIRL,1536.91,322,107
3D CHRISTMAS STAMPS STICKERS,1536.24,1172,143
SET OF 4 SANTA PLACE SETTINGS,1531.95,1202,108
MULTICOLOUR HONEYCOMB PAPER GARLAND,1531.1399999999999,1119,75
REGENCY MIRROR WITH SHUTTERS,1530.0,10,7
ROMANTIC PINKS RIBBONS,1520.65,1218,225
ANT WHITE WIRE HEART SPIRAL,1519.63,339,104
MAGIC DRAWING SLATE DOLLY GIRL,1517.72,3631,233
MIRROR CORNICE,1515.68,94,62
DISCO BALL CHRISTMAS DECORATION,1512.92,12979,215
EUCALYPTUS & PINECONE  WREATH,1511.2600000000002,378,77
CARDHOLDER GINGHAM CHRISTMAS TREE,1509.41,413,86
TV DINNER TRAY AIR HOSTESS,1506.97,420,105
LOVE LARGE WOOD LETTERS,1505.96,106,69
CALENDAR IN SEASON DESIGN,1505.24,582,110
VINTAGE RED TRIM ENAMEL BOWL,1501.03,1155,108
CLASSIC FRENCH STYLE BASKET GREEN,1497.72,344,76
FOLDING BUTTERFLY MIRROR HOT PINK,1496.07,1868,152
FAUX FUR CHOCOLATE THROW,1494.69,88,49
IVORY WICKER HEART SMALL,1491.75,2271,130
POLKADOT COFFEE CUP & SAUCER PINK,1489.01,1570,109
WOODLAND BUNNIES LOLLY MAKERS,1488.65,652,124
MOUSE TOY WITH PINK T-SHIRT,1486.18,390,165
CHRISTMAS TABLE SILVER CANDLE SPIKE,1486.1,1718,103
SPACEBOY ROCKET LOLLY MAKERS,1485.43,667,113
HANGING FAIRY CAKE DECORATION,1484.3,820,72
SKULLS WRITING SET,1484.1299999999999,864,252
DINOSAUR KEYRINGS ASSORTED,1483.4199999999998,6873,177
MILK PAN RED RETROSPOT,1483.13,403,145
4 VANILLA BOTANICAL CANDLES,1481.4,978,164
12 IVORY ROSE PEG PLACE SETTINGS,1478.1,969,148
FLOWER VINE RAFFIA FOOD COVER,1477.82,383,140
TOY TIDY DOLLY GIRL DESIGN,1472.85,713,162
DRAWER KNOB CERAMIC BLACK,1466.07,991,88
SET 12 COLOUR PENCILS LOVE LONDON,1464.38,1859,169
CARD I LOVE LONDON,1462.56,3501,217
BAG 500g SWIRLY MARBLES,1462.1699999999998,1459,141
DANISH ROSE PHOTO FRAME,1461.6,1424,99
CARD HOLDER LOVE BIRD LARGE,1460.5,232,84
GLAMOROUS  MUG,1459.98,1296,142
CHARLIE LOLA BLUE HOT WATER BOTTLE,1457.0000000000002,305,144
PINK PAPER PARASOL,1456.72,464,102
APRON APPLE DELIGHT,1456.69,287,80
WICKER WREATH LARGE,1456.4499999999998,731,151
RED ENCHANTED FOREST PLACEMAT,1454.8799999999999,678,110
SAVOY ART DECO CLOCK,1453.5800000000002,239,53
SET OF 4 ROSE BOTANICAL CANDLES,1451.99,897,165
LARGE WHITE HONEYCOMB PAPER BELL,1451.82,562,95
ZINC  STAR T-LIGHT HOLDER,1445.18,1220,46
FRENCH ENAMEL POT W LID,1436.5300000000002,589,115
BEADED CHANDELIER T-LIGHT HOLDER,1435.8200000000002,698,38
CAKE STAND VICTORIAN FILIGREE SMALL,1430.48,374,122
ICE CREAM DESIGN GARDEN PARASOL,1429.82,240,72
SILVER MUG BONE CHINA TREE OF LIFE,1428.57,1174,111
VINTAGE RED ENAMEL TRIM PLATE,1426.1,842,80
FRIDGE MAGNETS US DINER ASSORTED,1422.8999999999999,1587,102
CAST IRON HOOK GARDEN FORK,1421.83,523,23
BROWN CHECK CAT DOORSTOP,1421.11,290,138
ENGLISH ROSE NOTEBOOK A7 SIZE,1420.9599999999998,3152,345
HANGING HEN ON NEST DECORATION,1420.4699999999998,829,114
CIRCUS PARADE CHILDRENS EGG CUP,1420.26,1091,143
"FEATHER PEN,COAL BLACK",1415.9199999999998,2712,175
CARD BIRTHDAY COWBOY,1415.73,3487,225
SWALLOW WOODEN CHRISTMAS DECORATION,1415.31,1539,173
HOME SMALL WOOD LETTERS,1413.8400000000001,245,125
MAGIC DRAWING SLATE CIRCUS PARADE,1413.25,3384,200
"AIRLINE LOUNGE,METAL SIGN",1412.27,713,291
12 COLOURED PARTY BALLOONS,1412.16,2155,163
ASSORTED BOTTLE TOP  MAGNETS,1406.42,3152,184
PACK OF 6 LARGE FRUIT STRAWS,1402.32,2283,151
IVORY CHANDELIER T-LIGHT HOLDER,1401.43,658,38
WOODLAND STORAGE BOX LARGE,1401.02,346,70
GROW YOUR OWN HERBS SET OF 3,1399.69,165,90
EMPIRE GIFT WRAP,1394.5,3425,106
SET OF 4 DIAMOND NAPKIN RINGS,1393.79,166,38
RED RETROSPOT PUDDING BOWL,1392.21,333,61
ROSE SCENT CANDLE IN JEWELLED BOX,1392.19,331,65
PACK OF 12 VINTAGE CHRISTMAS TISSUE,1389.59,3051,155
GIN & TONIC DIET GREETING CARD,1389.22,3299,246
SET/4 SPRING FLOWER DECORATION,1389.08,1148,128
FRENCH BLUE METAL DOOR SIGN 2,1389.07,1001,188
CERAMIC BOWL WITH STRAWBERRY DESIGN,1388.1000000000001,590,120
SMALL WHITE RETROSPOT MUG IN BOX,1388.05,730,86
RIBBON REEL SOCKS AND MITTENS,1387.46,746,136
PIG KEYRING WITH LIGHT & SOUND,1386.97,1379,80
VINTAGE BILLBOARD DRINK ME MUG,1385.28,995,177
GLASS JAR MARMALADE,1383.75,481,81
SET/10 IVORY POLKADOT PARTY CANDLES,1383.34,1145,154
PENS ASSORTED SPACEBALL,1381.78,5946,155
IVORY CAFE HANGING LAMP,1380.42,116,45
GLITTER HEART GARLAND WITH BELLS,1379.72,332,90
ZINC BOX SIGN HOME,1378.75,141,64
WRAP PAISLEY PARK,1375.5,3275,120
WALL ART VILLAGE SHOW,1369.71,240,67
TRAVEL CARD WALLET TRANSPORT,1369.12,3171,278
SET OF 6 3D KIT CARDS FOR KIDS,1368.75,1488,223
COFFEE MUG BLUE PAISLEY DESIGN,1368.18,767,61
CARD CIRCUS PARADE,1365.95,3213,288
36 DOILIES DOLLY GIRL,1365.29,923,90
REINDEER HEART DECORATION SILVER,1363.87,1537,145
SET OF 3 BABUSHKA STACKING TINS,1361.25,275,13
PAPER CHAIN KIT LONDON,1361.0400000000002,464,94
CARD HOLDER LOVE BIRD SMALL,1355.24,332,72
RED RETROSPOT SHOPPING BAG,1353.6899999999998,523,90
SMALL RED BABUSHKA NOTEBOOK,1352.1699999999998,1953,266
MEDINA STAMPED METAL STOOL,1351.64,35,20
4 LAVENDER BOTANICAL DINNER CANDLES,1349.17,892,135
LIPSTICK PEN FUSCHIA,1347.52,2598,213
MAGNETS PACK OF 4 CHILDHOOD MEMORY,1347.08,1152,98
PACK OF 6 SKULL PAPER CUPS,1346.65,2113,171
HERB MARKER ROSEMARY,1344.77,1944,240
RED RETROSPOT STORAGE JAR,1343.64,336,69
YELLOW COAT RACK PARIS FASHION,1342.39,287,100
HANGING CHICK GREEN DECORATION,1341.6699999999998,907,122
JUNGLE POPSICLES ICE LOLLY MOULDS,1341.3700000000001,962,153
WRAP VINTAGE PETALS  DESIGN,1338.0,3300,104
VINTAGE UNION JACK DOORSTOP,1337.51,217,95
RED RETROSPOT BIG BOWL,1336.78,286,96
WALL ART VINTAGE HEART,1334.49,332,32
CERAMIC PIRATE CHEST MONEY BANK,1333.75,860,143
MAKE YOUR OWN PLAYTIME CARD KIT,1333.21,643,101
GLASS JAR PEACOCK BATH SALTS,1329.44,408,133
CHARLIE & LOLA WASTEPAPER BIN FLORA,1323.37,996,118
HOME SWEET HOME 2 DRAWER CABINET,1321.38,254,70
HERB MARKER THYME,1316.16,1908,237
NO JUNK MAIL METAL SIGN,1315.43,1942,266
VINTAGE CHRISTMAS PAPER GIFT BAG,1313.3899999999999,1608,100
CERAMIC CAKE DESIGN SPOTTED PLATE,1313.28,820,115
DIAMANTE RING ASSORTED IN BOX.,1311.3600000000001,1008,22
PENNY FARTHING BIRTHDAY CARD,1309.18,3054,262
PINK  HONEYCOMB PAPER BALL,1308.56,693,80
FRENCH BLUE METAL DOOR SIGN No,1308.38,993,158
SMALL HANGING IVORY/RED WOOD BIRD,1305.25,2667,261
BOOM BOX SPEAKER BOYS,1301.55,301,101
ELEPHANT CARNIVAL POUFFE,1299.83,63,47
6 ROCKET BALLOONS,1297.1200000000001,1904,197
CLASSIC FRENCH STYLE BASKET BROWN,1296.6100000000001,304,74
IVORY KNITTED MUG COSY,1296.23,668,109
UNION JACK FLAG LUGGAGE TAG,1296.13,750,193
SPOTTY PINK DUCK DOORSTOP,1295.21,289,117
PORCELAIN ROSE SMALL,1295.0,1607,63
AIRLINE BAG VINTAGE WORLD CHAMPION,1289.49,279,147
4 PEAR BOTANICAL DINNER CANDLES,1288.34,822,138
MAGIC SHEEP WOOL GROWING FROM PAPER,1283.99,1265,115
"KEY FOB , BACK DOOR",1280.49,1832,308
VINTAGE EMBOSSED HEART,1280.18,973,113
HERB MARKER PARSLEY,1278.6000000000001,1874,238
SET/6 COLLAGE PAPER PLATES,1278.23,2421,217
HANGING PHOTO CLIP ROPE LADDER,1277.4699999999998,748,86
MARIE ANTOINETTE TRINKET BOX SILVER,1273.76,334,30
FRENCH ENAMEL WATER BASIN,1273.11,411,128
SET OF 72 SKULL PAPER  DOILIES,1271.52,884,103
"KEY FOB , FRONT  DOOR",1270.8200000000002,1975,210
POTTING SHED CANDLE CITRONELLA,1268.1899999999998,405,3
BLACK ENCHANTED FOREST PLACEMAT,1266.91,698,71
ASS FLORAL PRINT MULTI SCREWDRIVER,1264.2,2758,163
EMBROIDERED RIBBON REEL EMILY,1256.17,573,98
ROCKING HORSE GREEN CHRISTMAS,1255.72,1393,179
DOLLY GIRL CHILDRENS EGG CUP,1253.86,951,135
SET OF 4 KNICK KNACK TINS LEAVES,1253.7800000000002,306,54
HANGING ENGRAVED METAL HEART,1249.1100000000001,297,78
WHITE HANGING BEADS CANDLE HOLDER,1244.95,239,47
MARIE ANTOINETTE TRINKET BOX GOLD,1242.6,318,18
WHITE GOOSE FEATHER CHRISTMAS TREE,1242.0600000000002,335,78
6 RIBBONS SHIMMERING PINKS,1241.32,1403,199
GROW YOUR OWN FLOWERS SET OF 3,1241.3,296,78
SINGLE WIRE HOOK IVORY HEART,1238.76,884,82
GIN AND TONIC DIET METAL SIGN,1237.5,498,50
CHRISTMAS RETROSPOT TREE WOOD,1237.08,1389,171
STAR DECORATION PAINTED ZINC,1234.67,4683,180
SET OF 2 CHRISTMAS DECOUPAGE CANDLE,1232.27,1212,161
CHARLIE AND LOLA TABLE TINS,1230.7799999999997,538,84
HERB MARKER MINT,1224.46,1757,240
PACK OF 20 SPACEBOY NAPKINS,1222.61,1538,145
METAL MERRY CHRISTMAS WREATH,1222.07,639,90
200 RED + WHITE BENDY STRAWS,1221.43,918,172
IVORY WIRE KITCHEN ORGANISER,1220.8200000000002,121,40
KITCHEN METAL SIGN,1218.95,2060,305
PAPER BUNTING VINTAGE PARTY,1218.48,428,47
FANNY'S REST STOPMETAL SIGN,1217.73,508,141
WRAP CIRCUS PARADE,1213.34,2927,103
4 IVORY DINNER CANDLES SILVER FLOCK,1213.29,541,136
CARDHOLDER GINGHAM STAR,1212.82,379,79
PINK DIAMANTE PEN IN GIFT BOX,1206.97,424,103
ORGANISER WOOD ANTIQUE WHITE,1205.3,143,76
DRAWER KNOB VINTAGE GLASS STAR,1201.04,557,62
Next Day Carriage,1200.0,79,79
SCHOOL DESK AND CHAIR,1199.75,19,13
PACK OF 12 PINK POLKADOT TISSUES,1197.73,4067,189
"KEY FOB , GARAGE DESIGN",1193.46,1904,131
RIBBON REEL FLORA + FAUNA,1193.0,654,138
MEASURING TAPE BABUSHKA BLUE,1191.69,444,78
SMALL PURPLE BABUSHKA NOTEBOOK,1190.51,1690,251
VINTAGE BILLBOARD MUG,1186.23,1107,107
HERB MARKER CHIVES,1184.1200000000001,1721,209
PINK FAIRY CAKE CUSHION COVER,1182.99,285,91
WALL ART LOVES' SECRET,1180.35,239,39
MUSICAL ZINC HEART DECORATION,1179.8799999999999,2764,176
CHERUB HEART DECORATION SILVER,1177.0,1356,88
TRIANGULAR POUFFE VINTAGE,1176.6000000000001,64,33
NATURAL HANGING QUILTED HEARTS,1175.3799999999999,1454,72
S/4 IVORY MINI ROSE CANDLE IN BOWL,1174.6299999999999,806,172
12 PENCILS TALL TUBE POSY,1173.8999999999999,3812,170
LARGE ROUND WICKER PLATTER,1173.53,195,91
BOOM BOX SPEAKER GIRLS,1172.48,564,90
FRIDGE MAGNETS LA VIE EN ROSE,1169.8999999999999,1313,87
LARGE RED BABUSHKA NOTEBOOK,1168.99,1097,163
LAVENDER TOILETTE BOTTLE,1168.08,558,79
ORANGE TV TRAY TABLE,1165.9099999999999,504,43
MINI PLAYING CARDS DOLLY GIRL,1165.13,2631,120
EMBROIDERED RIBBON REEL DAISY,1164.98,579,71
SET OF 2 CERAMIC CHRISTMAS TREES,1163.1299999999999,786,94
DINOSAUR PARTY BAG + STICKER SET,1160.7099999999998,707,101
FRENCH BLUE METAL DOOR SIGN 5,1160.29,844,153
WRAP DOLLY GIRL,1160.0,2800,100
EGG CUP MILKMAID HEIDI,1159.43,883,83
LARGE PINK GLASS SUNDAE DISH,1157.8,1013,81
MINI PLAYING CARDS BUFFALO BILL,1156.51,2884,119
DECORATIVE ROSE BATHROOM BOTTLE,1154.17,1170,163
FRENCH BLUE METAL DOOR SIGN 3,1152.81,844,160
DECORATIVE CATS BATHROOM BOTTLE,1152.4,1095,186
MOBILE VINTAGE HEARTS,1151.3,250,93
PORCELAIN T-LIGHT HOLDERS ASSORTED,1149.02,824,101
CUT GLASS HEXAGON T-LIGHT HOLDER,1147.4099999999999,651,20
BIRDS MOBILE VINTAGE DESIGN,1147.27,189,73
SET/4 RED MINI ROSE CANDLE IN BOWL,1145.73,746,191
SET OF 2 TINS VINTAGE BATHROOM,1145.15,225,100
APRON MODERN VINTAGE COTTON,1143.76,494,90
SMALL HAMMERED SILVER CANDLEPOT,1143.3100000000002,373,50
SET OF 6 HEART CHOPSTICKS,1142.15,813,152
AIRLINE BAG VINTAGE JET SET WHITE,1141.7,254,122
BLUE POLKADOT BEAKER,1141.3999999999999,2844,90
FRIDGE MAGNETS LES ENFANTS ASSORTED,1140.97,1372,80
MINI PLAYING CARDS SPACEBOY,1139.2,2747,146
WOOD STOCKING CHRISTMAS SCANDISPOT,1138.98,1571,177
RED RETROSPOT TISSUE BOX,1138.2,2172,200
GREEN ROSE WASHBAG,1136.6,324,160
SET OF 36 DOILIES SPACEBOY DESIGN,1135.3999999999999,817,68
PIN CUSHION BABUSHKA PINK,1135.18,439,133
"WHITE TEA,COFFEE,SUGAR JARS",1134.5,622,59
STAR DECORATION RUSTIC,1134.45,2454,142
ANGEL DECORATION STARS ON DRESS,1134.25,2653,131
MINI JIGSAW DOLLY GIRL,1130.58,2921,136
CANDY SPOT CUSHION COVER,1129.99,339,125
ASSORTED CREEPY CRAWLIES,1127.23,2669,99
WOOD STAMP SET FLOWERS,1124.04,1009,196
CARD PSYCHEDELIC APPLES,1123.8799999999999,2640,268
SET OF 6 KASHMIR FOLKART BAUBLES,1121.9099999999999,711,83
TEA TIME DES TEA COSY,1121.82,390,110
PENS ASSORTED FUNKY JEWELED,1121.48,5247,144
CHRISTMAS HANGING TREE WITH BELL,1119.56,1966,117
MINI PLAYING CARDS GYMKHANA,1119.22,2522,120
LARGE CAKE STAND HANGING HEARTS,1118.95,233,34
TRELLIS COAT RACK,1118.6100000000001,227,56
PACK OF 12 PINK PAISLEY TISSUES,1116.9499999999998,3473,212
RED FLOWER CROCHET FOOD COVER,1116.89,304,112
TRAVEL CARD WALLET UNION JACK,1115.93,2595,222
CARD SUKI BIRTHDAY,1114.81,2639,290
EMBROIDERED RIBBON REEL SUSIE,1114.26,566,70
LARGE PURPLE BABUSHKA NOTEBOOK,1112.75,1197,178
HOME GARLAND PAINTED ZINC,1111.58,997,128
50'S CHRISTMAS PAPER GIFT BAG,1108.8899999999999,1352,103
HANGING QUILTED PATCHWORK APPLES,1108.58,1258,89
GROW YOUR OWN PLANT IN A CAN,1107.87,839,57
BLACK CANDELABRA T-LIGHT HOLDER,1106.88,941,89
SMALL SQUARE CUT GLASS CANDLESTICK,1106.54,187,51
CARD GINGHAM ROSE,1106.17,2717,163
ROSE 1 WICK MORRIS BOXED CANDLE,1104.8600000000001,758,84
"BIRTHDAY CARD, RETRO SPOT",1104.81,2608,270
CAKE STAND LOVEBIRD 2 TIER PINK,1104.54,131,51
PAINTED METAL STAR WITH HOLLY BELLS,1102.81,1917,117
SILVER PLATE CANDLE BOWL SMALL,1101.2800000000002,348,57
TEA COSY RED  STRIPE,1093.6,370,121
ZINC  HEART T-LIGHT HOLDER,1090.66,868,69
PRETTY HANGING QUILTED HEARTS,1090.02,1278,74
GLITTER HEART DECORATION,1088.98,2470,142
SILVER HEARTS TABLE DECORATION,1086.6499999999999,1288,157
POLKA DOT RAFFIA FOOD COVER,1085.32,290,89
BOHEMIAN COLLAGE STATIONERY SET,1080.82,635,211
SET/4 SKULL BADGES,1080.0,914,165
YELLOW METAL CHICKEN HEART,1079.67,721,91
"FEATHER PEN,LIGHT PINK",1079.34,2071,149
I LOVE LONDON BEAKER,1077.3,860,97
VINTAGE UNION JACK SHOPPING BAG,1077.03,225,46
"HOOK, 1 HANGER ,MAGIC GARDEN",1070.85,1263,98
STRIPEY CHOCOLATE NESTING BOXES,1070.26,358,110
PING MICROWAVE APRON,1069.1699999999998,509,122
VINTAGE BEAD PINK PURSE,1068.32,981,128
GLITTER CHRISTMAS STAR,1067.82,2473,124
DRAWER KNOB CERAMIC RED,1067.6,720,74
CHOCOLATE 3 WICK MORRIS BOX CANDLE,1066.82,621,71
"METAL SIGN,CUPCAKE SINGLE HOOK",1064.55,1204,234
FRENCH LAVENDER SCENT HEART,1064.44,1079,106
EMBROIDERED RIBBON REEL SOPHIE,1062.35,297,42
DECORATIVE WICKER HEART SMALL,1062.28,1596,109
TRAVEL CARD WALLET SUKI,1062.0,2389,266
BLUE POT PLANT CANDLE,1060.9,299,68
PINK METAL CHICKEN HEART,1059.67,717,91
BALLOON ART MAKE YOUR OWN FLOWERS,1058.69,1022,98
LOCAL CAFE MUG,1057.71,676,116
HOME SWEET HOME 3 PEG HANGER,1057.28,272,64
DOLLY GIRL WALL ART,1055.94,318,11
DISCO BALL ROTATOR BATTERY OPERATED,1055.25,249,105
SET OF 6 STRAWBERRY CHOPSTICKS,1054.44,801,144
PLACE SETTING WHITE STAR,1053.5,2408,105
LARGE CHINESE STYLE SCISSOR,1053.45,1273,65
HANGING CLEAR MINI BOTTLE,1051.14,1734,41
LOVE HEART TRINKET POT,1051.05,2255,135
SLEEPING CAT ERASERS,1048.56,4994,290
VINTAGE KID DOLLY CARD,1046.98,2490,213
HOME SWEET HOME BOTTLE,1045.8,474,86
70'S ALPHABET WALL ART,1043.1,150,15
HEART STRING MEMO HOLDER HANGING,1042.78,875,122
RED HEARTS LIGHT CHAIN,1042.66,503,63
WRAP  VINTAGE DOILY,1039.08,2474,94
SET OF 6 T-LIGHTS EASTER CHICKS,1038.8700000000001,345,75
"ART LIGHTS,FUNK MONKEY",1037.54,370,62
GLITTER STAR GARLAND WITH BELLS,1037.05,251,62
MAGNETS PACK OF 4 VINTAGE COLLAGE,1035.58,1723,151
RAINY LADIES BIRTHDAY CARD,1033.81,2430,213
ZINC HEART FLOWER T-LIGHT HOLDER,1033.28,795,79
EMPIRE TISSUE BOX,1033.22,1991,167
KIDS RAIN MAC BLUE,1032.6399999999999,1297,85
EASTER TIN CHICKS PINK DAISY,1032.62,598,107
GREY FLORAL FELTCRAFT SHOULDER BAG,1031.69,266,83
CHRISTMAS TREE STAR DECORATION,1031.56,2390,198
JIGSAW TREE WITH BIRDHOUSE,1029.76,1000,144
SKULLS  STICKERS,1028.58,1140,138
PURPLE PAPER PARASOL,1025.94,314,88
3D DOG PICTURE PLAYING CARDS,1025.5700000000002,341,86
PACK OF 12 SPACEBOY TISSUES,1024.8999999999999,3034,219
FRENCH BLUE METAL DOOR SIGN 4,1024.28,741,152
IVORY ENCHANTED FOREST PLACEMAT,1023.0,514,91
SANDWICH BATH SPONGE,1022.8,719,97
3D HEARTS  HONEYCOMB PAPER GARLAND,1021.9000000000001,326,50
HEART MINI PORTRAIT FRAME,1021.76,518,87
ZINC SWEETHEART WIRE LETTER RACK,1020.69,263,90
FRENCH GARDEN SIGN BLUE METAL,1019.83,794,131
CAST IRON HOOK GARDEN TROWEL,1018.19,386,25
WALL ART MID CENTURY MODERN,1015.78,164,20
WALL ART BUFFALO BILL,1014.8500000000001,335,37
4 LILY  BOTANICAL DINNER CANDLES,1013.01,528,102
TOAST ITS - BEST MUM,1010.21,801,95
WHITE HEART CONFETTI IN TUBE,1008.4699999999999,1029,71
POCKET BAG BLUE PAISLEY RED SPOT,1007.15,834,128
SWEETHEART WALL TIDY,1007.0799999999999,108,43
SET/3 CHRISTMAS DECOUPAGE CANDLES,1006.27,893,69
CHERRY CROCHET FOOD COVER,1004.39,264,104
BOUDOIR SQUARE TISSUE BOX,1003.19,1994,172
PACK OF 6 COCKTAIL PARASOL STRAWS,1002.54,2506,111
WICKER WREATH SMALL,1001.49,741,123
TOAST ITS - I LOVE YOU,998.83,794,120
WALL ART GARDEN HAVEN,998.64,215,36
SET/3 DECOUPAGE STACKING TINS,997.47,194,69
BROWN  PIRATE TREASURE CHEST,996.8,416,146
EMBROIDERED RIBBON REEL REBECCA,996.38,334,63
MISELTOE HEART WREATH CREAM,996.0000000000001,240,1
MINI FUNKY DESIGN TAPES,994.84,1296,91
5 HOOK HANGER MAGIC TOADSTOOL,994.3799999999999,640,34
ASSORTED TUTTI FRUTTI SMALL PURSE,992.79,737,66
BOX OF 9 PEBBLE CANDLES,988.18,486,103
FOLDING BUTTERFLY MIRROR RED,985.88,1262,99
VINTAGE BEAD PINK SCARF,985.8399999999999,451,58
SET OF 3 BIRD LIGHT PINK FEATHER,984.5699999999999,1862,223
SMALL GLASS SUNDAE DISH CLEAR,984.4699999999999,739,63
EMBROIDERED RIBBON REEL RACHEL,983.3000000000001,362,44
FRENCH PAISLEY CUSHION COVER,981.54,745,122
SET OF 2 TINS JARDIN DE PROVENCE,980.7,253,96
SET OF 6 CAKE CHOPSTICKS,979.48,641,153
ASSORTED EASTER GIFT TAGS,977.7599999999999,1159,61
EMBROIDERED RIBBON REEL SALLY,977.39,478,74
EMBROIDERED RIBBON REEL ROSIE,977.3199999999999,501,57
CREAM SWEETHEART LETTER RACK,976.25,215,30
FRENCH BLUE METAL DOOR SIGN 6,973.15,710,126
"SWISS ROLL TOWEL, PINK  SPOTS",971.44,653,43
WHITE SOAP RACK WITH 2 BOTTLES,969.8000000000001,172,48
GOLD MUG BONE CHINA TREE OF LIFE,969.64,770,74
WOOD STAMP SET HAPPY BIRTHDAY,968.3699999999999,950,173
PARTY INVITES WOODLAND,968.2099999999999,1157,122
CHRISTMAS MUSICAL ZINC STAR,967.7599999999999,1953,123
MOTHER'S KITCHEN SPOON REST,967.17,226,84
IVORY HANGING DECORATION  BIRD,966.78,1116,128
ENGLISH ROSE SPIRIT LEVEL,964.38,978,118
WHITE HEARTS WIRE PLANT POT HOLDER,963.27,343,71
HI TEC ALPINE HAND WARMER,962.9599999999999,845,107
MINI JIGSAW CIRCUS PARADE,960.86,2519,91
WOOD STAMP SET BEST WISHES,959.6999999999999,1019,187
ZINC HEART LATTICE T-LIGHT HOLDER,958.57,717,88
TRAVEL CARD WALLET RETROSPOT,958.2,2197,218
GOLD MINI TAPE MEASURE,958.06,1236,205
SMALL CHOCOLATES PINK BOWL,957.3,1860,246
WALL ART DOLLY GIRL,956.0500000000002,319,26
PACK OF 12 VINTAGE DOILY TISSUES,955.42,2272,119
FELT EGG COSY CHICKEN,953.8599999999999,1027,137
SOFT PINK ROSE TOWEL,952.83,273,124
DANISH ROSE ROUND SEWING BOX,951.79,811,62
SCOTTIE DOGS BABY BIB,951.11,1993,246
ADULT APRON APPLE DELIGHT,950.83,185,45
MEDIUM MEDINA STAMPED METAL BOWL,948.7000000000002,310,58
EASTER TIN BUCKET,946.93,408,41
BLUE PAPER PARASOL,946.83,321,60
HAPPY EASTER HANGING DECORATION,945.9499999999999,244,53
"ELEPHANT, BIRTHDAY CARD,",945.46,2210,167
JAM CLOCK MAGNET,943.9200000000001,330,68
WRAP GINGHAM ROSE,943.92,2276,82
3 GARDENIA MORRIS BOXED CANDLES,940.02,504,77
MAGIC GARDEN FELT GARLAND,939.3699999999999,419,89
RED LOVE HEART SHAPE CUP,939.03,1038,154
VINTAGE BEAD PINK EVENING BAG,937.25,619,94
EASTER TREE YELLOW BIRDS,935.39,132,63
BLUE POLKADOT WASHING UP GLOVES,935.1500000000001,414,148
WALL ART THE MAGIC FOREST,933.16,148,13
DOLLY MIXTURE CHILDREN'S UMBRELLA,932.42,270,77
"NURSERY A,B,C PAINTED LETTERS",932.4,198,73
MINI CAKE STAND T-LIGHT HOLDER,931.02,1872,142
LARGE MEDINA STAMPED METAL BOWL,930.96,182,55
CLOCK MAGNET MUM'S KITCHEN,930.48,324,53
TEA PARTY  WRAPPING PAPER,929.0,2250,75
MIRROR MOSAIC T-LIGHT HOLDER ROUND,928.04,1260,26
FRENCH CARRIAGE LANTERN,925.35,137,58
TRAVEL CARD WALLET SKULLS,925.29,2145,192
SILVER T-LIGHT SETTING,924.29,143,28
ANIMALS AND NATURE WALL ART,923.97,267,17
PINK DOG BOWL,922.89,549,115
PORCELAIN BUTTERFLY OIL BURNER,921.87,265,61
VANILLA INCENSE IN TIN,920.67,2084,95
CHRISTMAS TREE HEART DECORATION,920.4,2125,180
IVORY PILLAR CANDLE SILVER FLOCK,919.94,452,76
POLKADOT RAIN HAT,918.25,1940,226
EGG FRYING PAN RED,915.4000000000001,431,109
WOVEN ROSE GARDEN CUSHION COVER,912.03,217,90
NINE DRAWER OFFICE TIDY,909.37,59,33
POTTING SHED SEED ENVELOPES,908.33,597,130
TRAVEL CARD WALLET PANTRY,906.9399999999999,2011,221
TEA TIME TEA SET IN GIFT BOX,906.83,133,49
CHILDS GARDEN BRUSH PINK,906.7500000000001,411,88
TOMATO CHARLIE+LOLA COASTER SET,905.55,512,88
WALL ART WORK REST AND PLAY,901.58,210,31
BEADED PEARL HEART WHITE ON STICK,901.48,996,119
JOY WOODEN BLOCK LETTERS,901.46,232,89
MIRROR MOSAIC HURRICANE LAMP,898.38,349,47
PINK FLOWER CROCHET FOOD COVER,897.8,237,79
COSMETIC BAG VINTAGE ROSE PAISLEY,897.74,417,100
FRENCH BLUE METAL DOOR SIGN 7,896.75,677,113
HIPPY CHIC DECORATIVE PARASOL,896.01,169,27
BAKING MOULD ROSE WHITE CHOCOLATE,895.97,279,50
GUMBALL MONOCHROME COAT RACK,895.72,620,109
SUNFLOWER DECORATIVE PARASOL,895.46,125,42
CHEST 7 DRAWER MA CAMPAGNE,895.38,36,26
CARD PARTY GAMES,893.51,2141,235
FAIRY CAKES NOTEBOOK A7 SIZE,892.1899999999999,2107,179
BIRDHOUSE DECORATION MAGIC GARDEN,891.99,714,137
STAR PORTABLE TABLE LIGHT,890.6,300,49
DANISH ROSE FOLDING CHAIR,890.4000000000001,112,25
WHITE HONEYCOMB PAPER GARLAND,888.67,355,72
PINK  HEART CONFETTI IN TUBE,888.3299999999999,966,78
MULTICOLOUR HONEYCOMB FAN,886.24,1224,89
SPACEBOY WALL ART,885.9000000000001,306,13
CHILDRENS GARDEN GLOVES BLUE,883.1999999999999,642,81
FIVE CATS HANGING DECORATION,882.6200000000001,287,89
BIRD DECORATION RED RETROSPOT,881.3299999999999,917,132
SEWING SUSAN 21 NEEDLE SET,880.4699999999999,918,172
WIRE EGG BASKET,880.23,114,44
PLAYING CARDS VINTAGE DOILY,880.16,701,92
TEA COSY BLUE STRIPE,877.38,250,105
PANTRY 3 HOOK ROLLING PIN HANGER,876.9,219,66
SMALL SILVER FLOWER CANDLE POT,875.3800000000001,290,41
BLUE POLKADOT COFFEE MUG,874.29,2066,71
PARTY PIZZA DISH RED RETROSPOT,873.9,1977,94
FELTCRAFT HAIRBANDS PINK AND WHITE,873.52,934,148
FRENCH BLUE METAL DOOR SIGN 8,871.49,644,119
URBAN BLACK RIBBONS,870.35,849,184
REINDEER HEART DECORATION GOLD,869.9799999999999,994,103
DAISIES  HONEYCOMB GARLAND,868.4399999999999,499,85
FOLDING UMBRELLA CREAM POLKADOT,868.0600000000001,191,64
WRAP RED VINTAGE DOILY,866.0,2100,68
BLACK PIRATE TREASURE CHEST,863.38,531,143
RELAX LARGE WOOD LETTERS,860.23,130,29
HOT BATHS SOAP HOLDER,859.0,494,114
RED RETROSPOT TAPE,858.7800000000001,1903,240
RED DRAGONFLY HELICOPTER,856.38,106,67
PAINTED METAL HEART WITH HOLLY BELL,854.74,1373,97
WHITE BAMBOO RIBS LAMPSHADE,854.4599999999999,976,71
BUFFALO BILL WALL ART,852.72,248,16
CHARLIE & LOLA WASTEPAPER BIN BLUE,852.04,667,86
FAIRY CAKES NOTEBOOK A6 SIZE,850.2,1332,155
MAGIC TREE -PAPER FLOWERS,849.55,919,105
WRAP COWBOYS,847.94,2057,71
MIRROR MOSAIC GOBLET CANDLE HOLDER,847.82,574,33
MAGIC DRAWING SLATE DINOSAUR,844.84,1931,171
LOVE HEART NAPKIN BOX,843.95,175,66
EGG CUP MILKMAID INGRID,841.31,644,76
HEART GARLAND RUSTIC PADDED,841.24,264,91
PACK OF 12 PAISLEY PARK TISSUES,841.01,1843,136
ASSTD MULTICOLOUR CIRCLES MUG,840.47,1579,81
SMALL REGAL  SILVER CANDLEPOT,840.33,307,24
PAPER POCKET TRAVELING FAN,840.0200000000001,6591,138
WASH BAG VINTAGE ROSE PAISLEY,838.86,290,85
FELT TOADSTOOL LARGE,836.8000000000001,657,61
SET 6 FOOTBALL CELEBRATION CANDLES,834.73,660,103
BLUE CALCULATOR RULER,833.49,657,113
TREASURE AHOY WALL ART,833.46,270,16
FELTCRAFT HAIRBAND RED AND BLUE,833.0699999999999,921,161
T-LIGHT HOLDER HANGING LACE,832.51,840,82
MIRROR MOSAIC T-LIGHT HOLDER,831.84,1622,31
ASSORTED TUTTI FRUTTI PEN,831.0199999999999,2472,101
WHITE CHRISTMAS GARLAND STARS TREES,830.03,225,65
PINK STITCHED WALL CLOCK,828.24,679,61
MEASURING TAPE BABUSHKA RED,827.82,290,41
LOVE GARLAND PAINTED ZINC,827.6299999999999,453,78
DECORATION WHITE CHICK MAGIC GARDEN,826.46,944,145
APOTHECARY MEASURING JAR,826.28,67,22
ETCHED GLASS COASTER,825.49,1618,71
SET OF 4 POLKADOT PLACEMATS,824.9100000000001,174,78
MOTORING TISSUE BOX,824.08,1835,160
HANGING SPRING FLOWER EGG LARGE,823.7399999999999,948,73
MORE BUTTER METAL SIGN,823.71,761,160
CHRISTMAS DECOUPAGE CANDLE,821.98,1845,76
SMALL POLKADOT CHOCOLATE GIFT BAG,819.64,943,52
FRENCH STYLE STORAGE JAR CAFE,819.4599999999999,1982,70
WHITE STITCHED WALL CLOCK,813.2900000000001,847,44
IVORY LOVE BIRD CANDLE,813.02,812,88
RETRO PLASTIC ELEPHANT TRAY,812.53,1105,65
GARDENIA 3 WICK MORRIS BOXED CANDLE,811.99,281,83
SMALL BONNE JAM JAR  T-LIGHT HOLDER,808.16,422,22
KIDS RAIN MAC PINK,806.1999999999999,928,92
CARAVAN SQUARE TISSUE BOX,804.65,1446,153
HEART SHAPE WIRELESS DOORBELL,802.13,447,49
PHOTO FRAME LINEN AND LACE LARGE,801.6800000000001,215,43
WRAP GREEN PEARS,801.36,1908,77
MINI JIGSAW PURDEY,800.4,2104,86
HORSE & PONY WALL ART,797.3100000000001,256,17
PINK HORSE SOCK PUPPET,797.1400000000001,262,57
SET/6 PINK BIRD T-LIGHT CANDLES,796.99,451,100
SWEET HEART CAKE CARRIER,795.5799999999999,80,44
SET/6 FROG PRINCE T-LIGHT CANDLES,795.02,479,86
FELTCRAFT HAIRBAND PINK AND PURPLE,794.88,879,150
TOXIC AREA  DOOR HANGER,794.15,1465,162
EGG FRYING PAN IVORY,792.86,378,96
ZINC HEARTS PLANT POT HOLDER,792.47,283,52
EMBROIDERED RIBBON REEL CLAIRE,792.31,224,24
NOEL GARLAND PAINTED ZINC,792.28,1411,128
SKULLS GREETING CARD,788.97,1915,115
EGG CUP HENRIETTA HEN CREAM,787.52,630,48
WOODLAND  STICKERS,786.31,868,103
CHERRY BLOSSOM DECORATIVE FLASK,785.95,195,69
RED APPLES CHOPPING BOARD,785.1700000000001,155,45
SALLE DE BAIN HOOK,783.8199999999999,553,103
MOODY GIRL DOOR HANGER,783.8199999999999,1474,170
BLACK BAROQUE WALL CLOCK,783.68,84,36
CHILDS GARDEN BRUSH BLUE,783.5400000000001,363,81
"BLACK TEA,COFFEE,SUGAR JARS",783.3499999999999,453,47
CINAMMON SET OF 9 T-LIGHTS,782.4999999999999,871,154
FRENCH BLUE METAL DOOR SIGN 0,780.8,594,99
SILK PURSE BABUSHKA RED,779.1500000000001,223,51
BUNNY WOODEN PAINTED WITH BIRD,778.63,1001,147
PACK OF 12 BLUE PAISLEY TISSUES,777.67,2301,155
ROMANTIC IMAGES GIFT WRAP SET,777.1400000000001,790,135
TOOTHPASTE TUBE PEN,776.75,1274,205
GARDENIA 1 WICK MORRIS BOXED CANDLE,775.9300000000001,225,61
FRENCH FLORAL CUSHION COVER,774.79,674,89
CARROT CHARLIE+LOLA COASTER SET,774.55,472,126
FELTCRAFT HAIRBAND PINK AND BLUE,774.55,856,161
CHILDS GARDEN FORK BLUE,774.29,932,128
SET/6 COLLAGE PAPER CUPS,773.14,2610,181
BLUE/CREAM STRIPE CUSHION COVER,771.15,623,99
4 WILDFLOWER BOTANICAL CANDLES,770.87,406,91
PINK LOVE HEART SHAPE CUP,770.73,816,133
TALL ROCOCO CANDLE HOLDER,770.59,93,20
BIRDCAGE DECORATION TEALIGHT HOLDER,770.32,650,67
SMALL ROUND CUT GLASS CANDLESTICK,770.2900000000001,163,33
DAIRY MAID TOASTRACK,769.57,777,104
WRAP BILLBOARD FONTS DESIGN,769.02,1831,64
GINGHAM ROSE WRAP,768.18,1829,73
TRIPLE WIRE HOOK IVORY HEART,766.1,182,52
RING OF ROSES BIRTHDAY CARD,766.09,1847,130
TRAVEL CARD WALLET FLOWER MEADOW,765.27,1764,173
CUSHION COVER PINK UNION JACK,764.63,123,47
FOLDING UMBRELLA BLACKBLUE POLKADOT,763.6600000000001,160,74
WRAP ALPHABET POSTER,763.1,1855,64
DOLLY CABINET 3 DRAWERS,762.4499999999999,51,30
MINI PAINTED GARDEN DECORATION,761.4,2476,79
DRAWER KNOB VINTAGE GLASS BALL,760.8000000000001,350,54
BEADED CRYSTAL HEART GREEN LARGE,760.4300000000001,834,62
COCKTAIL SWORDS 50 PIECES,760.4,936,95
WALL ART HORSE & PONY,760.32,225,46
ASSORTED INCENSE PACK,760.3199999999999,4032,27
SCENTED VELVET LOUNGE CANDLE,760.15,1790,55
INFLATABLE POLITICAL GLOBE,759.89,860,71
GLITTER CHRISTMAS TREE WITH BELLS,759.44,740,97
SMALL YELLOW BABUSHKA NOTEBOOK,758.98,1011,217
RED TEA TOWEL CLASSIC DESIGN,757.21,631,73
PACK OF 12 STICKY BUNNIES,755.83,998,167
DOVE DECORATION PAINTED ZINC,754.4100000000001,2383,79
MINT GREEN ROSE TOWEL,754.07,196,86
CHRISTMAS TREE HANGING SILVER,751.8499999999999,803,88
SET OF 2 ROUND TINS CAMEMBERT,751.7700000000001,283,98
CHILDS GARDEN FORK PINK,751.66,865,135
18PC WOODEN CUTLERY SET DISPOSABLE,751.38,567,43
KENSINGTON COFFEE SET,751.17,57,34
SET OF 6 GIRLS CELEBRATION CANDLES,750.2,593,126
BLACK STITCHED WALL CLOCK,749.94,711,42
ZINC FINISH 15CM PLANTER POTS,748.34,601,57
BLACK TEA TOWEL CLASSIC DESIGN,748.08,827,128
BIRD DECORATION GREEN POLKADOT,747.81,820,139
BLOSSOM IMAGES GIFT WRAP SET,747.7900000000001,798,133
IVORY PAPER CUP CAKE CASES,745.45,1089,124
FELT FARM ANIMAL RABBIT,743.89,912,77
200 BENDY SKULL STRAWS,743.62,661,55
ASSORTED TUTTI FRUTTI MIRROR,743.31,550,60
FOLDING BUTTERFLY MIRROR IVORY,742.92,794,133
PAPERWEIGHT VINTAGE COLLAGE,741.98,512,71
SWALLOW SQUARE TISSUE BOX,739.57,1610,145
FELT FARM ANIMAL WHITE BUNNY,738.68,1563,96
VINTAGE LEAF CHOPPING BOARD,737.95,149,45
HEARTS  STICKERS,737.8399999999999,835,119
3 RAFFIA RIBBONS VINTAGE CHRISTMAS,734.7900000000001,827,99
SET/5 RED SPOTTY LID GLASS BOWLS,734.4,288,1
DECORATION  BUTTERFLY  MAGIC GARDEN,732.65,821,147
TEATIME FUNKY FLOWER BACKPACK FOR 2,732.23,66,53
MAGNETS PACK OF 4 HOME SWEET HOME,731.82,1400,150
"WRAP, BILLBOARD FONTS DESIGN",731.42,1951,35
ROSE SCENT CANDLE JEWELLED DRAWER,730.97,531,41
GIFT BAG PSYCHEDELIC APPLES,730.47,1183,139
SET OF 6 RIBBONS PERFECTLY PRETTY,730.37,253,43
RED POLKADOT COFFEE  MUG,729.6,1532,63
ASSORTED EASTER DECORATIONS  BELLS,729.57,569,27
PINK SWEETHEART BRACELET,729.57,176,78
FRENCH BLUE METAL DOOR SIGN 9,728.57,533,98
JAZZ HEARTS ADDRESS BOOK,727.46,3194,225
CARD CAT AND TREE,727.31,1657,168
S/15 SILVER GLASS BAUBLES IN BAG,725.52,558,62
STARS GIFT TAPE,725.4200000000001,1653,133
BEADED CRYSTAL HEART PINK ON STICK,725.26,850,206
SUNSET COLOUR CHUNKY KNITTED THROW,720.93,60,39
CURIOUS IMAGES GIFT WRAP SET,719.84,685,140
CORONA MEXICAN TRAY,719.69,172,38
SQUARE CHERRY BLOSSOM CABINET,719.55,129,21
CHRISTMAS TREE HANGING GOLD,718.53,799,75
ROSE DU SUD CUSHION COVER,718.19,137,80
FLOOR CUSHION ELEPHANT CARNIVAL,718.14,69,35
DOG TOY WITH PINK CROCHET SKIRT,717.21,189,90
BANQUET BIRTHDAY  CARD,717.12,1656,160
RETRO MOD TRAY,717.11,800,156
DECORATIVE FLORE BATHROOM BOTTLE,716.86,515,139
FRYING PAN BLUE POLKADOT,716.8,193,87
PAPER LANTERN 7 POINT SNOW STAR,711.51,103,28
BLUE ROSE FABRIC MIRROR,710.95,598,90
DANISH ROSE DECORATIVE PLATE,710.64,951,55
MADRAS NOTEBOOK MEDIUM,709.66,919,73
EDWARDIAN HEART PHOTO FRAME,709.5400000000001,160,44
PINK HAWAIIAN PICNIC HAMPER FOR 2,709.24,78,55
ANTIQUE GLASS HEART DECORATION,709.18,328,36
COSY SLIPPER SHOES SMALL GREEN,708.98,256,111
LARGE STRIPES CHOCOLATE GIFT BAG,708.75,567,49
CHILDS GARDEN SPADE BLUE,706.5500000000001,303,99
PANTRY APPLE CORER,705.5799999999999,472,105
TOAST ITS - FAIRY FLOWER,704.55,643,151
RECYCLED PENCIL WITH RABBIT ERASER,702.96,3104,168
CREAM SLICE FLANNEL CHOCOLATE SPOT,702.51,237,53
BRIGHT BLUES RIBBONS,702.41,551,109
BLACK WINE GLASS,699.96,1672,19
STEEL SWEETHEART ROUND TABLE CREAM,699.63,41,24
PASTEL COLOUR HONEYCOMB FAN,697.77,940,83
MR ROBOT SOFT TOY,697.7,216,44
SCANDINAVIAN 3 HEARTS NAPKIN RING,696.8,1932,124
PACK OF 6 SMALL FRUIT STRAWS,695.41,1716,100
SILVER JEWELLED MIRROR TRINKET TRAY,695.23,95,45
FRENCH STYLE STORAGE JAR BONBONS,695.06,2338,74
VINTAGE RED MUG,694.72,703,54
ASSORTED TUTTI FRUTTI BRACELET,692.85,2550,132
RATTLE SNAKE EGGS,691.85,815,102
CANDY HEART HANGING DECORATION,690.52,1318,62
SMALL SILVER TRELLIS CANDLEPOT,690.1000000000001,230,33
MAGNETS PACK OF 4 VINTAGE LABELS,689.67,1323,125
GLASS SPHERE CANDLE STAND MEDIUM,689.53,112,34
RED CHARLIE+LOLA PERSONAL DOORSIGN,688.91,1301,125
BLUE POLKADOT KIDS BAG,688.3,286,74
SQUARE FLOOR CUSHION VINTAGE RED,687.95,73,42
VINTAGE KEEPSAKE BOX PARIS DAYS,686.86,112,56
PAPER BUNTING PAISLEY PARK,684.97,251,31
DO NOT TOUCH MY STUFF DOOR HANGER,684.62,1201,127
WOVEN BERRIES CUSHION COVER,683.8,162,89
CHRISTMAS TREE PAINTED ZINC,683.3100000000001,2468,83
BLOSSOM  IMAGES NOTEBOOK SET,682.97,512,36
CERAMIC BOWL WITH LOVE HEART DESIGN,682.01,588,73
HAND OPEN SHAPE GOLD,681.59,199,30
RUSTIC STRAWBERRY JAM POT SMALL,681.54,426,32
LOVE HEART SOCK HANGER,680.93,379,84
MULTICOLOUR 3D BALLS GARLAND,677.1899999999999,253,68
SET OF 6 T-LIGHTS WEDDING CAKE,677.0400000000001,260,38
WHITE TRAVEL ALARM CLOCK,676.27,280,89
IVORY RETRO KITCHEN WALL CLOCK,675.91,77,33
TRAVEL CARD WALLET RETRO PETALS,674.53,1545,105
EASTER DECORATION EGG BUNNY,673.17,836,83
CINAMMON & ORANGE WREATH,672.88,104,34
WOVEN BUBBLE GUM CUSHION COVER,672.6,160,71
GREEN GOOSE FEATHER CHRISTMAS TREE,672.09,187,45
SET/4 COLOURFUL MIXING BOWLS,671.93,71,43
PINK BUTTERFLY HANDBAG W BOBBLES,671.62,162,98
COOKING SET RETROSPOT,671.53,69,28
MAGIC DRAWING SLATE BUNNIES,671.01,1766,134
MILK PAN BLUE POLKADOT,669.54,197,79
CERAMIC PLATE STRAWBERRY DESIGN,667.92,584,61
LARGE BONNE JAM JAR  T-LIGHT HOLDER,667.8500000000001,255,11
ENGLISH ROSE SCENTED HANGING FLOWER,665.95,549,114
BLUE PAISLEY JOURNAL,663.7099999999999,253,79
LARGE HANGING IVORY & RED WOOD BIRD,663.4300000000001,977,95
S/12 VANILLA  BOTANICAL T-LIGHTS,661.9300000000001,227,42
WRAP FLOWER SHOP,661.5,1575,62
SILK PURSE BABUSHKA BLUE,661.11,195,58
PEARLISED IVORY HEART LARGE,661.02,418,39
PACK OF 12 CIRCUS PARADE TISSUES,660.7299999999999,2075,102
LARGE YELLOW BABUSHKA NOTEBOOK,656.52,599,123
PIN CUSHION BABUSHKA RED,656.4300000000001,201,45
RED RETROSPOT LUGGAGE TAG,653.36,434,105
WHITE BELL HONEYCOMB PAPER GARLAND,651.75,371,48
CHERUB HEART DECORATION GOLD,649.02,738,71
CHILDRENS GARDEN GLOVES PINK,648.97,489,74
MAGIC DRAWING SLATE BAKE A CAKE,646.49,1787,88
CARD WEDDING DAY,645.64,1543,130
SMALL SKULL WINDMILL,645.61,485,54
CHOC TRUFFLE GOLD TRINKET POT,645.2199999999999,412,70
BASKET OF FLOWERS SEWING KIT,645.06,813,63
PHOTO FRAME LINEN AND LACE SMALL,644.8000000000001,310,59
ENCHANTED BIRD PLANT CAGE,644.47,187,48
ASSORTED TUTTI FRUTTI  FOB NOTEBOOK,644.03,662,78
NAMASTE SWAGAT INCENSE,643.14,2427,47
"CHRISTMAS GARLAND STARS,TREES",641.58,181,48
PAPERWEIGHT SAVE THE PLANET,641.55,338,45
12 RED ROSE PEG PLACE SETTINGS,640.92,457,105
ENAMEL PINK COFFEE CONTAINER,640.92,634,75
LARGE WHITE/PINK ROSE ART FLOWER,639.36,360,22
ASSTD FRUIT+FLOWERS FRIDGE MAGNETS,637.5600000000001,2412,65
JARDIN ETCHED GLASS FRUITBOWL,635.74,124,39
VINTAGE JINGLE BELLS WREATH,635.38,76,28
"BUNTING , SPOTTY",634.7,146,7
NURSE'S BAG SOFT TOY,634.53,70,29
MAGNETS PACK OF 4 RETRO PHOTO,634.43,1232,128
PINK/PURPLE RETRO RADIO,634.07,222,53
SHOE SHINE BOX,633.0699999999999,57,44
BISCUITS SMALL BOWL LIGHT BLUE,632.26,1256,173
OVAL  MINI PORTRAIT FRAME,631.5799999999999,324,47
THREE MINI HANGING FRAMES,630.75,147,50
LAUREL HEART ANTIQUE GOLD,630.73,525,44
FENG SHUI PILLAR CANDLE,630.23,3317,65
COCKLE SHELL DISH,629.8000000000001,340,68
SMALL APOTHECARY MEASURING JAR,629.0500000000001,81,28
PINK POT PLANT CANDLE,628.7900000000001,204,35
DRAWER KNOB VINTAGE GLASS HEXAGON,627.95,295,30
SIX DRAWER OFFICE TIDY,626.74,66,27
BLACK CHAMPAGNE GLASS,626.55,1529,35
SEASIDE FLYING DISC,626.53,505,81
BLACK MINI TAPE MEASURE,625.8,623,112
BLACK DINER WALL CLOCK,625.6899999999999,66,44
PINK UNION JACK  PASSPORT COVER,625.23,274,106
WOODLAND STORAGE BOX SMALL,624.58,256,46
EGG CUP NATURAL CHICKEN,622.74,933,125
VINTAGE CARAVAN GREETING CARD,622.36,1464,137
SMALL MEDINA STAMPED METAL BOWL,622.3,783,47
CHILDS GARDEN TROWEL BLUE,622.0999999999999,719,113
PARTY CONES CANDY DECORATION,621.96,454,67
STORAGE TIN HOME SWEET HOME,621.44,275,56
GARDEN PATH JOURNAL,621.1899999999999,247,65
MUM'S KITCHEN CLOCK,621.09,122,49
METAL SIGN HIS DINNER IS SERVED,620.42,575,148
KITCHEN FLOWER POTS WALL PLAQUE,619.59,116,83
SWEETHEART CREAM STEEL TABLE RECT,618.66,27,21
WALL ART SPACEBOY,618.59,173,37
HANGING METAL RABBIT DECORATION,618.2,475,58
CHOCOLATE 1 WICK MORRIS BOX CANDLE,617.9000000000001,370,50
BIRTHDAY PARTY CORDON BARRIER TAPE,617.11,478,97
LARGE APOTHECARY MEASURING JAR,612.1600000000001,51,21
LIPSTICK PEN BABY PINK,611.72,1334,126
HANGING BAUBLE T-LIGHT HOLDER SMALL,611.57,269,26
ABSTRACT CIRCLES SKETCHBOOK,610.8100000000001,144,76
BLUE FELT EASTER EGG BASKET,610.4499999999999,365,71
PARTY CONES CANDY TREE DECORATION,609.56,740,33
CHILDS GARDEN SPADE PINK,608.95,266,84
GLASS JAR KINGS CHOICE,608.72,184,81
SET/6 EAU DE NIL BIRD T-LIGHTS,608.53,335,72
JIGSAW RABBIT AND BIRDHOUSE,607.7299999999999,597,105
VINTAGE POST OFFICE CABINET,607.6500000000001,11,2
FOLDING UMBRELLA CHOCOLATE POLKADOT,607.23,133,59
SET/12 TAPER CANDLES,605.89,607,93
CHRISTMAS GINGHAM HEART,605.8,649,54
TRAVEL CARD WALLET VINTAGE LEAF,605.78,1415,117
PINK NEW BAROQUECANDLESTICK CANDLE,605.48,478,42
JIGSAW TOADSTOOLS 3 PIECE,604.4599999999999,690,83
EMBROIDERED RIBBON REEL RUBY,604.3,168,32
FELT TOADSTOOL  SMALL,602.63,629,77
MOODY BOY  DOOR HANGER,602.18,1127,124
ROSE FOLKART HEART DECORATIONS,600.93,462,88
12 DAISY PEGS IN WOOD BOX,600.8699999999999,349,77
ENVELOPE 50 BLOSSOM IMAGES,600.29,1077,158
SWISS CHALET TREE DECORATION,598.8199999999999,1385,119
EASTER DECORATION HANGING BUNNY,596.5,1888,92
SET OF 4 NAPKIN CHARMS STARS,596.36,269,51
ORIGAMI JASMINE INCENSE/CANDLE SET,595.85,525,85
SMALL STRIPES CHOCOLATE GIFT BAG,594.51,867,28
PACK OF 12 DOLLY GIRL TISSUES,593.62,1354,133
SET OF PICTURE FRAME  STICKERS,593.37,135,62
BUNNY DECORATION MAGIC GARDEN,593.14,670,113
SKULLS  DESIGN  COTTON TOTE BAG,590.67,252,79
DARK BIRD HOUSE TREE DECORATION,590.13,1485,142
HAIRCLIPS FORTIES FABRIC ASSORTED,587.86,1346,61
SET 12 VINTAGE DOILY CHALK,587.49,1315,110
PINK HEARTS LIGHT CHAIN,587.2,271,48
PINK PAISLEY SQUARE TISSUE BOX,586.82,1373,117
EGG CUP MILKMAID HELGA,586.31,410,63
FOLK FELT HANGING MULTICOL GARLAND,585.86,208,61
LETS GO SHOPPING COTTON TOTE BAG,585.34,252,78
DECORATIVE PLANT POT WITH FRIEZE,584.37,73,28
PINK CAT BOWL,583.33,360,123
BLUE CHARLIE+LOLA PERSONAL DOORSIGN,583.23,1041,111
HYACINTH BULB T-LIGHT CANDLES,583.12,1346,43
RED FLOCK LOVE HEART PHOTO FRAME,582.03,1091,82
SQUARECUSHION COVER PINK UNION JACK,581.23,173,42
SET/6 FRUIT SALAD  PAPER PLATES,581.09,1259,105
YELLOW SHARK HELICOPTER,580.36,72,53
JARDIN ETCHED GLASS CHEESE DISH,579.35,221,40
PINK PADDED MOBILE,577.79,135,42
RUSTIC STRAWBERRY JAM POT LARGE,577.48,279,38
FELT EGG COSY BLUE RABBIT,577.4399999999999,552,104
SILVER CHRISTMAS TREE BAUBLE STAND,577.35,34,23
WHITE GOOSE FEATHER TREE 60CM,575.55,285,48
GIFT BAG BIRTHDAY,575.4200000000001,940,77
GLASS TWIST BON BON JAR,575.25,74,24
6PC WOOD PLATE SET DISPOSABLE,574.88,459,38
ANGEL DECORATION PAINTED ZINC,574.5400000000001,912,77
BUTTERFLIES STICKERS,573.36,634,110
BUTTERFLY CROCHET FOOD COVER,572.23,148,66
FRENCH STYLE EMBOSSED HEART CABINET,571.43,26,22
BEADED CRYSTAL HEART PINK LARGE,569.29,565,62
DINOSAUR HEIGHT CHART STICKER SET,568.98,182,46
EDWARDIAN PHOTO FRAME,568.71,90,32
ACRYLIC GEOMETRIC LAMP,568.65,35,20
LAUREL STAR ANTIQUE SILVER,568.6,430,61
PACK OF 12 VINTAGE LEAF TISSUES,567.9499999999999,1509,80
GARAGE KEY FOB,567.76,780,147
VINTAGE COFFEE GRINDER BOX,566.1800000000001,110,30
SET 4 VALENTINE DECOUPAGE HEART BOX,566.1800000000001,174,64
RED WHITE SCARF  HOT WATER BOTTLE,566.1700000000001,69,16
BLUE TEA TOWEL CLASSIC DESIGN,565.86,478,53
FELTCRAFT DOLL MARIA,564.9200000000001,196,48
ROMANTIC IMAGES NOTEBOOK SET,564.35,414,33
TREE T-LIGHT HOLDER WILLIE WINKIE,562.2199999999999,364,44
PACK 6 HEART/ICE-CREAM PATCHES,561.87,468,98
SET/4 BADGES BALLOON GIRL,561.84,448,89
YULETIDE IMAGES GIFT WRAP SET,561.34,687,93
PINK GLASS CANDLEHOLDER,561.32,176,38
"DECORATION , WOBBLY RABBIT , METAL",560.93,319,48
PINK ROSE WASHBAG,560.62,156,74
SET OF 6 VINTAGE NOTELETS KIT,560.11,563,42
WHITE BAROQUE WALL CLOCK,559.0,66,32
SILVER DIAMANTE PEN IN GIFT BOX,558.83,175,66
EAU DE NILE HEART SHAPE PHOTO FRAME,558.42,331,38
SQUARE MINI PORTRAIT FRAME,558.12,278,52
PINK  HONEYCOMB PAPER FAN,558.07,499,65
CARNIVAL BRACELET,558.03,44,26
PINK JEWELLED PHOTO FRAME,557.9100000000001,92,39
VINTAGE GLASS COFFEE CADDY,557.3000000000001,86,26
S/12 MINI RABBIT EASTER,556.53,337,69
EMBOSSED HEART TRINKET BOX,555.59,250,48
SET OF 4 BLACK LOVEBIRD COASTERS,554.78,451,82
BLUE GLASS GEMS IN BAG,553.8299999999999,588,57
SET OF 4 PISTACHIO LOVEBIRD COASTER,553.8,476,93
TUMBLER NEW ENGLAND,553.53,1267,53
PINK AND WHITE CHRISTMAS TREE 120CM,553.07,201,34
WOODLAND SMALL RED FELT HEART,552.85,679,51
RETRO LONGBOARD IRONING BOARD COVER,552.76,286,105
ASSORTED TUTTI FRUTTI NOTEBOOK,551.96,249,40
FOLKART HEART NAPKIN RINGS,551.13,366,69
BLACK CHRISTMAS TREE 120CM,551.13,217,27
ORIGAMI ROSE INCENSE/CANDLE SET,550.64,463,97
CALENDAR FAMILY FAVOURITES,550.6,193,59
BLUE POLKADOT EGG CUP,550.43,1075,65
MEDIUM PARLOUR PICTURE FRAME,550.0,136,34
FELT EGG COSY WHITE RABBIT,549.81,585,107
PACK OF 6 PANETTONE GIFT BOXES,548.63,233,18
WRAP BIRD GARDEN,548.1,1305,52
GOLD FISHING GNOME,546.6,68,36
CUT GLASS T-LIGHT HOLDER OCTAGON,546.49,251,27
BOYS ALPHABET IRON ON PATCHES,546.04,1975,99
EMPIRE BIRTHDAY CARD,543.76,1218,146
DOORSTOP FOOTBALL DESIGN,543.65,153,67
HANGING HEART BONHEUR,538.75,610,69
SET OF 2 ROUND TINS DUTCH CHEESE,538.0600000000001,254,79
BLUE NEW BAROQUE CANDLESTICK CANDLE,536.41,449,35
CARD DOG AND BALL,535.78,1229,131
METAL SIGN CUPCAKE SINGLE HOOK,535.49,697,111
CANDY SPOT HAND BAG,534.83,259,51
HENRIETTA HEN MUG,534.66,306,42
CHILDS GARDEN TROWEL PINK,533.16,618,104
MINI JIGSAW BAKE A CAKE,531.64,1455,55
ORIGAMI SANDLEWOOD INCENSE/CAND SET,530.6,448,94
ENAMEL BLUE RIM BISCUIT BIN,530.49,103,44
CHRISTMAS TREE DECORATION WITH BELL,530.26,1251,125
ANTIQUE CREAM CUTLERY CUPBOARD,530.19,50,36
SINGLE WIRE HOOK PINK HEART,530.15,415,27
METAL TUBE CHIME ON BAMBOO,529.21,490,15
WRAP WEDDING DAY,528.5,1325,39
PARTY INVITES DINOSAURS,528.2299999999999,611,94
HEART BEADED TRELLIS DECORATION,528.1700000000001,249,42
WRAP MONSTER FUN,527.94,1257,49
WEEKEND BAG VINTAGE ROSE PAISLEY,527.85,69,1
FRENCH LATTICE CUSHION COVER,527.25,452,65
ENAMEL PINK TEA CONTAINER,526.22,430,71
DECORATION  PINK CHICK MAGIC GARDEN,525.9399999999999,594,109
SILVER GLASS T-LIGHT SET,525.75,201,17
EAU DE NILE JEWELLED PHOTOFRAME,525.0,298,25
BLUE DRAGONFLY HELICOPTER,524.5500000000001,65,45
FUSCHIA RETRO BAR STOOL,523.3000000000001,14,5
EASTER TIN CHICKS IN GARDEN,522.93,305,50
PINK HEART SHAPE PHOTO FRAME,522.56,322,39
WALL ART I LOVE LONDON,521.73,99,32
EGG FRYING PAN PINK,521.33,226,85
BEADED CRYSTAL HEART GREEN ON STICK,521.11,623,172
DANISH ROSE BEDSIDE CABINET,519.35,13,10
BLUE TV TRAY TABLE,518.61,127,39
BLUE PAISLEY SKETCHBOOK,517.22,123,63
PAINTED YELLOW WOODEN DAISY,516.79,612,117
FOLDING UMBRELLA WHITE/RED POLKADOT,513.02,104,36
T-LIGHT HOLDER WHITE LACE,512.93,588,68
IVORY WIRE SWEETHEART LETTER TRAY,511.89,135,49
ORANGE SCENTED SET/9 T-LIGHTS,511.04999999999995,600,87
POCKET BAG PINK PAISELY BROWN SPOT,510.84,469,95
RED/CREAM STRIPE CUSHION COVER,509.9,414,60
RIDGED GLASS FINGER BOWL,509.36,986,59
CUPID DESIGN SCENTED CANDLES,509.07,225,43
PACK 20 ENGLISH ROSE PAPER NAPKINS,508.36999999999995,554,80
WALL ART ANIMALS AND NATURE,508.34000000000003,154,31
PINK POLKADOT CHILDRENS UMBRELLA,506.96,140,46
VINTAGE RED TEATIME MUG,506.65,319,76
SQUARECUSHION COVER PINK UNION FLAG,506.34000000000003,72,32
PAPER LANTERN 9 POINT HOLLY STAR L,506.01,75,20
FRAPPUCINO SCARF KNITTING KIT,505.69,344,73
ROSE DU SUD OVEN GLOVE,505.20000000000005,185,69
GLASS BONNE JAM JAR,504.97,121,27
PARTY CONES CARNIVAL ASSORTED,504.88,404,22
DECORATION WOBBLY RABBIT METAL,504.46,830,67
BEACH HUT SHELF W 3 DRAWERS,504.43,81,31
SILVER ROCCOCO CHANDELIER,504.32,14,9
UNION STRIPE CUSHION COVER,503.75,403,65
SET OF 6 RIBBONS COUNTRY STYLE,502.07000000000005,173,26
FOLDING UMBRELLA PINKWHITE POLKADOT,501.98,107,45
MIDNIGHT GLAMOUR SCARF KNITTING KIT,501.44,324,85
POPPY FIELDS CHOPPING BOARD,501.23,93,45
GARDEN PATH SKETCHBOOK,501.07,124,57
SNOWSTORM PHOTO FRAME FRIDGE MAGNET,500.90999999999997,591,57
SET OF 36 DINOSAUR PAPER DOILIES,499.08,335,65
PINK PAISLEY ROSE GIFT WRAP,498.5,1225,40
CHILDS GARDEN RAKE BLUE,496.99,207,62
COLUMBIAN CANDLE ROUND,496.0,581,93
RETROSPOT BABUSHKA DOORSTOP,495.2,251,54
TOAST ITS - HAPPY BIRTHDAY,494.54,412,108
BLUE  DIAMANTE PEN IN GIFT BOX,493.08,130,54
PINK/WHITE CHRISTMAS TREE 60CM,493.01,684,42
WOVEN FROST CUSHION COVER,492.79,117,59
VINTAGE PINK DECORATIVE PARASOL,489.74,88,24
HANGING SPRING FLOWER EGG SMALL,489.17,1197,72
DOLLY HONEYCOMB GARLAND,487.11,475,25
PINK UNION JACK  LUGGAGE TAG,486.5,353,121
PAINTED PINK RABBIT,486.01,573,136
DANISH ROSE TRINKET TRAYS,484.63,261,31
ORIGAMI LAVENDER INCENSE/CANDL SET,484.34999999999997,421,85
LAUREL STAR ANTIQUE GOLD,483.03,379,40
ASSORTED MINI MADRAS NOTEBOOK,481.95,976,28
SET OF 4 NAPKIN CHARMS CROWNS,481.88,300,52
JIGSAW TREE WITH WATERING CAN,480.91999999999996,1048,101
COSY HOUR GIANT TUBE MATCHES,480.75,197,26
PINK ENAMEL+GLASS HAIR COMB,480.5,263,31
COSY SLIPPER SHOES LARGE GREEN,480.1700000000001,147,40
ELEPHANT BIRTHDAY CARD,479.82,1122,95
CLASSIC GLASS SWEET JAR,479.45000000000005,119,14
FAIRY SOAP SOAP HOLDER,478.83,266,76
SMALL PINK GLASS SUNDAE DISH,478.72,945,40
PANTRY HOOK BALLOON WHISK,477.89,213,47
BABY BOOM RIBBONS,477.34,378,88
LADYBIRD + BEE RAFFIA FOOD COVER,476.41,123,37
SET OF 6 RIBBONS PARTY,476.0,170,16
CANDY SPOT EGG WARMER HARE,475.18,708,88
CAKE STAND VICTORIAN FILIGREE LARGE,471.86,56,35
MIRRORED WALL ART PHOTO FRAMES,470.16999999999996,89,46
FLYING PIG WATERING CAN,469.90000000000003,194,47
WALL ART CAT AND BIRD,469.73,143,40
PARTY FOOD SHOPPER BAG,469.63,400,73
CRAZY DAISY HEART DECORATION,468.39,464,149
BLUE POLKADOT PASSPORT COVER,466.99,309,95
GOLD PHOTO FRAME,466.53000000000003,216,39
WHITE HAND TOWEL WITH BUTTERFLY,466.3,184,27
CERAMIC LOVE HEART MONEY BANK,466.18,732,45
PACK OF 12 RED APPLE TISSUES,465.36,1220,76
MIRRORED WALL ART SKULLS,463.79,304,46
SMALL PARLOUR PICTURE FRAME,462.45,165,33
CHILDS GARDEN RAKE PINK,462.33000000000004,206,69
BLACK CHRISTMAS TREE 60CM,460.64,558,25
WRAP KEEP CALM BIRTHDAY,460.5,1125,36
PARTY PIZZA DISH PINK POLKADOT,460.38,1228,76
PARTY INVITES JAZZ HEARTS,458.31,528,102
PARTY INVITES SPACEMAN,458.22999999999996,539,74
RIDGED BONNE JAM JAR T-LIGHT HOLDER,457.61999999999995,286,25
SET/4 BADGES DOGS,457.51,348,89
PAPER LANTERN 5 POINT STAR MOON,456.48,108,20
ASSORTED LAQUERED INCENSE HOLDERS,455.9800000000001,2545,24
LILAC DIAMANTE PEN IN GIFT BOX,454.99,141,63
SET OF 3 GOLD FLYING DUCKS,454.65,127,21
EASTER DECORATION SITTING BUNNY,454.5,531,75
CLAM SHELL SMALL,454.42,223,46
PINK FLOWER FABRIC PONY,453.73,117,48
HAND TOWEL PALE BLUE W FLOWERS,453.39,223,29
EAU DE NIL LOVE BIRD CANDLE,452.86,429,46
MINI PLAYING CARDS FUN FAIR,452.72,1065,65
PACK 3 BOXES BIRD PANETTONE,451.84,204,31
PARTY INVITES FOOTBALL,451.7,488,83
ASSORTED TUTTI FRUTTI KEYRING BALL,451.59,1153,49
WRAP MAGIC FOREST,451.5,1075,43
DOORMAT FRIENDSHIP,451.10999999999996,27,17
ABSTRACT CIRCLE JOURNAL,449.8,185,72
SET OF 4 NAPKIN CHARMS 3 KEYS,449.39,238,57
CHRISTMAS MUSICAL ZINC TREE,447.35999999999996,994,95
RED HEART LUGGAGE TAG,447.34,304,96
MIRRORED WALL ART STARS,447.09000000000003,363,52
NEW BAROQUE JEWELLERY BOX,446.89,53,25
PLASMATRONIC LAMP,446.45,71,25
RECTANGULAR SHAPED MIRROR,446.15000000000003,512,37
PAPERWEIGHT CHILDHOOD MEMORIES,445.44,268,36
SET OF 4 NAPKIN CHARMS LEAVES,445.16999999999996,240,48
RIDGED GLASS POSY VASE,444.58,219,47
RABBIT  DESIGN  COTTON TOTE BAG,444.07,181,62
VINTAGE KEEPSAKE BOX TRAVELOGUE,441.89,82,56
GREEN FERN JOURNAL,441.12,177,55
SILVER GLITTER FLOWER VOTIVE HOLDER,441.07,1421,57
IVORY STRING CURTAIN WITH POLE,440.62,170,28
TROPICAL PASSPORT COVER,439.65,262,99
EIGHT PIECE SNAKE  SET,439.54,333,84
BEADED CRYSTAL HEART BLUE  LARGE,438.87,483,46
SMALL LICORICE DES PINK BOWL,437.20000000000005,575,85
MINI JIGSAW BUNNIES,436.09,1143,75
TABLE LAMP WHITE SHADE WOOD BASE,434.12,78,20
VINTAGE BEAD NOTEBOOK,433.19,150,52
BLACK BAROQUE CARRIAGE CLOCK,432.78999999999996,51,35
BUNNY WOODEN PAINTED WITH FLOWER,432.46,568,101
LARGE PARLOUR PICTURE FRAME,431.98,86,29
BLUE SCOTTIE DOG W FLOWER PATTERN,431.72999999999996,180,49
CHRISTMAS HANGING SNOWFLAKE,430.86,490,48
MRS ROBOT SOFT TOY,428.85,143,28
ROSE DU SUD DRAWSTRING BAG,428.66,125,66
SET/6 FRUIT SALAD PAPER CUPS,428.28000000000003,1678,103
UNION FLAG WINDSOCK,428.19,388,22
"CHARLIE+LOLA""EXTREMELY BUSY"" SIGN",428.0,683,105
VINTAGE SHELLS PRINT,427.46000000000004,50,32
RETRO PLASTIC POLKA TRAY,426.65999999999997,866,87
WHITE STITCHED CUSHION COVER,426.13,59,22
DOG AND BALL WALL ART,425.87999999999994,252,4
GLASS CHALICE BLUE SMALL,425.08,696,49
SET/3 POT PLANT CANDLES,424.46000000000004,68,32
IVORY PILLAR CANDLE GOLD FLOCK,424.08000000000004,145,30
3D SHEET OF DOG STICKERS,423.98999999999995,426,116
CHRYSANTHEMUM SKETCHBOOK,423.55,104,59
GREEN SWEETHEART BRACELET,423.41,103,44
LAZER CUT NECKLACE W PASTEL BEADS,421.75,57,5
RED SHARK HELICOPTER,421.18,52,36
GREEN FERN SKETCHBOOK,420.08,106,56
BLUE SCANDINAVIAN PAISLEY WRAP,420.0,1000,39
SILVER FISHING GNOME,419.52000000000004,52,27
SET/12 FUNKY FELT FLOWER PEG IN BAG,419.01000000000005,224,48
SUMMER DAISIES BAG CHARM,417.96,167,88
MONEY BOX POCKET MONEY DESIGN,417.86,374,70
DANISH ROSE DELUXE COASTER,417.34999999999997,947,40
CANDLE PLATE LACE WHITE,416.59999999999997,193,56
JINGLE BELLS TREE DECORATION,415.77,203,76
PING! MICROWAVE PLATE,415.09000000000003,152,63
GLITTER CHRISTMAS TREE,414.63,912,58
LOLITA  DESIGN  COTTON TOTE BAG,414.22,178,50
RETROSPOT CANDLE  MEDIUM,413.88,365,43
CAKES AND BOWS GIFT  TAPE,413.76,1166,93
ANT COPPER LIME BOUDICCA BRACELET,412.74,83,50
DOLLY CABINET 2 DRAWERS,412.5,33,19
HOME SWEET HOME HOOK,412.17999999999995,328,47
WHITE CANDYSTUFT ARTIFICIAL FLOWER,411.55999999999995,308,20
PIN CUSHION BABUSHKA BLUE,410.81,137,45
SILVER PHOTO FRAME,409.83,136,37
HANGING WOOD AND FELT BUTTERFLY,409.41,896,127
HOUSE SHAPE PENCIL SHARPENER,407.71999999999997,3048,100
GINGHAM BABUSHKA DOORSTOP,406.49,211,42
FOLKART CLIP ON STARS,405.25,786,100
EGG FRYING PAN BLUE,405.0,175,76
MONEY BOX KINGS CHOICE DESIGN,403.46,346,84
MINI LADLE LOVE HEART RED,401.59999999999997,866,153
"DECORATION , WOBBLY CHICKEN, METAL",401.0199999999999,236,35
SNACK TRAY RED VINTAGE DOILY,400.03999999999996,198,37
RED RETRO KITCHEN WALL CLOCK,400.01,47,23
T-LIGHT HOLDER SILVER HEART HANDLE,399.71,199,28
PARTY PIZZA DISH BLUE POLKADOT,399.62,1120,71
TUSCAN VILLA DOVECOTE BIRD FEEDER,399.03,43,23
CONDIMENT TRAY 4 BOWLS AND 4 SPOONS,399.02,37,26
GOLD STANDING GNOME,398.02,106,28
S/2 ZINC HEART DESIGN PLANTERS,398.0,40,28
ESSENTIAL BALM 3.5g TIN IN ENVELOPE,395.61,5884,30
HEART TRELLIS TRIPLE T-LIGHT HOLDER,395.11,129,30
ASSORTED COLOUR LIZARD SUCTION HOOK,395.09999999999997,999,55
FELT FARM ANIMAL CHICKEN,394.15,291,50
MILK MAIDS MUG,393.59,219,33
BIRTHDAY BANQUET GIFT WRAP,393.5,975,32
PINK ROSE FABRIC MIRROR,393.46999999999997,331,62
BLACK SWEETHEART BRACELET,392.83,93,47
VEGETABLE GARDEN CHOPPING BOARD,392.34000000000003,78,22
ASSTD DESIGN 3D PAPER STICKERS,391.93,1165,31
IVORY SWEETHEART SOAP DISH,390.75000000000006,148,49
SET/3 POLKADOT STACKING TINS,389.55,78,29
MIRRORED WALL ART SNOWFLAKES,389.04,512,47
EGG FRYING PAN MINT,388.75,180,69
BLUE VICTORIAN FABRIC OVAL BOX,388.57,925,100
BELL HEART DECORATION,387.0,252,9
HEARTS GIFT TAPE,386.77000000000004,1178,94
BLUE PATCH PURSE PINK HEART,386.32,244,41
WHITE MOROCCAN METAL LANTERN,385.29999999999995,70,26
GREEN BITTY LIGHT CHAIN,383.25,194,60
CUTE CATS TAPE,383.11,1102,79
MULTICOLOUR  CONFETTI IN TUBE,382.9599999999999,284,27
BLUE CUSHION COVER WITH FLOWER,381.78000000000003,58,29
PARTY PIZZA DISH GREEN POLKADOT,381.65999999999997,1037,59
HAWAIIAN GRASS SKIRT,380.36,324,28
POPART WOODEN PENCILS ASST,380.0,8900,68
LA JARDIN BOTANIQUE CUSHION COVER,379.28,88,28
WOVEN SUNSET CUSHION COVER,378.29,89,37
ANT COPPER TURQ BOUDICCA BRACELET,377.88,76,37
PINK POLKADOT PLATE,377.56,220,25
RIBBONS PURSE,377.2,192,51
TURQ+RED BOUDICCA LARGE BRACELET,377.04,54,26
PAIR PADDED HANGERS PINK CHECK,376.27000000000004,112,43
RETROSPOT CANDLE  SMALL,376.18,404,42
ORIGAMI VANILLA INCENSE/CANDLE SET,375.93,323,65
MADRAS NOTEBOOK LARGE,374.96000000000004,271,16
GRASS HOPPER WOODEN WALL CLOCK,374.12,272,34
DOLLCRAFT BOY JEAN-PAUL,373.9,82,12
CAMOUFLAGE EAR MUFF HEADPHONES,373.57,54,27
STRAWBERRIES  DESIGN FLANNEL,373.34,358,105
ANIMAL STICKERS,372.33,1773,46
HAND TOWEL PINK FLOWER AND DAISY,372.33,217,23
SILVER VANILLA  FLOWER CANDLE POT,369.87,95,26
PINK & WHITE BREAKFAST TRAY,369.84000000000003,96,35
SNACK TRAY PAISLEY PARK,367.34999999999997,179,32
MAGIC DRAWING SLATE LEAP FROG,366.75,1072,73
CHALKBOARD KITCHEN ORGANISER,366.73,11,8
EASTER DECORATION NATURAL CHICK,366.15000000000003,540,64
ROSE DU SUD COSMETICS BAG,365.09,97,52
GLASS CHALICE GREEN  LARGE,364.22,197,19
SNACK TRAY I LOVE LONDON,362.65,171,35
RETROSPOT CANDLE  LARGE,362.12,273,30
SMALLFOLKART BAUBLE CHRISTMAS DEC,361.81,688,41
PINK SPOTS CHOCOLATE NESTING BOXES,361.55999999999995,140,6
PAPER LANTERN 9 POINT HOLLY STAR S,361.04,86,20
SMALL FOLDING SCISSOR(POINTED EDGE),360.71,2892,70
DECORATIVE HANGING SHELVING UNIT,359.70000000000005,6,5
SMALL FOLKART STAR CHRISTMAS DEC,359.6,1293,54
PARTY INVITES BALLOON GIRL,359.28999999999996,405,71
BLUE & WHITE BREAKFAST TRAY,358.1,98,38
GREEN ENAMEL+GLASS HAIR COMB,357.74,185,54
DENIM PATCH PURSE PINK BUTTERFLY,357.28999999999996,216,61
GREEN GOOSE FEATHER TREE 60CM,356.96999999999997,171,42
SKULLS SQUARE TISSUE BOX,356.46000000000004,757,59
HEART BUTTONS JEWELLERY BOX,356.11,68,30
PINK LOVE BIRD CANDLE,356.08,351,50
BLACK LOVE BIRD CANDLE,356.06,329,62
PACK 3 IRON ON DOG PATCHES,355.84,294,65
PANDA AND BUNNIES STICKER SHEET,355.83,408,81
ROSE DU SUD WASHBAG,354.14,74,50
CUBIC MUG PINK POLKADOT,354.03,506,47
SMALL POP BOX FUNKY MONKEY,353.98,258,87
RIDGED GLASS STORAGE JAR CREAM LID,353.97,99,18
ALPHABET HEARTS STICKER SHEET,353.47999999999996,401,59
PANTRY HOOK TEA STRAINER,353.45,165,32
PANTRY HOOK SPATULA,353.36,162,33
SET/4 BADGES BEETLES,353.19,269,73
RED VICTORIAN FABRIC OVAL BOX,352.25,862,98
BLUE POLKADOT LUGGAGE TAG,350.61,268,78
CERAMIC STRAWBERRY TRINKET TRAY,350.46999999999997,137,69
MAGIC DRAWING SLATE GO TO THE FAIR,349.87,853,70
DECORATION SITTING BUNNY,349.54,1480,83
SCOTTIES CHILDRENS APRON,348.91999999999996,210,57
WAKE UP COCKEREL CALENDAR SIGN,348.59000000000003,81,33
FRUIT TREE AND BIRDS WALL PLAQUE,348.53,41,24
PORCELAIN ROSE LARGE,348.43000000000006,299,14
GEMSTONE CHANDELIER T-LIGHT HOLDER,347.70000000000005,78,7
GREEN CAT FLORAL CUSHION COVER,345.17,73,54
HELLO SAILOR BLUE SOAP HOLDER,344.34000000000003,180,53
BEADED CRYSTAL HEART PINK SMALL,343.99,208,65
MIRROR MOSAIC CANDLE PLATE,343.71,288,59
SILVER FLOWR PINK SHELL NECKLACE,342.76000000000005,53,4
SILVER ROCOCO CANDLE STICK,340.7,146,14
WALL ART TREASURE AHOY,340.35,90,25
SET/4 BADGES CUTE CREATURES,340.22,261,54
PHOTO CLIP LINE,338.73,239,49
MINI JIGSAW DINOSAUR,338.23,809,101
WHITE SAGE INCENSE,337.14,1432,67
COFFEE SCENT PILLAR CANDLE,336.73999999999995,325,61
DOLLCRAFT GIRL NICOLE,336.6,68,12
FLOWERS TILE COASTER,334.76,992,39
MINI  ZINC GARDEN DECORATIONS,334.03,841,33
CINNAMON SCENTED VOTIVE CANDLE,333.2,1288,39
FELT FARM ANIMAL HEN,332.84,481,44
BLACK LOVE BIRD T-LIGHT HOLDER,332.14,186,29
SMALL KITCHEN FLOWER POTS PLAQUE,331.5,50,37
DOOR HANGER  MUM + DADS ROOM,330.71999999999997,205,66
PURPLE SWEETHEART BRACELET,328.44,78,50
DOILEY BISCUIT TIN,327.6,120,13
PIECE OF CAMO STATIONERY SET,326.56,3380,31
HANGING WOOD AND FELT FLOWER,325.96,2055,104
CANDLE HOLDER SILVER MADELINE,325.15999999999997,196,20
WOODLAND LARGE PINK FELT HEART,324.40000000000003,285,13
CHUNKY SILVER NECKLACE PASTEL FLOWE,324.01,32,23
CAT AND BIRD WALL ART,323.64,270,4
DOILY THANK YOU CARD,323.32,765,57
PINK FELT EASTER RABBIT GARLAND,323.15,122,29
PINK SCOTTIE DOG W FLOWER PATTERN,322.53999999999996,135,51
BLUE EGG  SPOON,322.18,1857,106
BLUE PAISLEY TISSUE BOX,322.18,672,91
PARTY TIME PENCIL ERASERS,322.09,1398,134
CHARLOTTE BAG ALPHABET  DESIGN,320.5,400,22
SKULLS STORAGE BOX LARGE,320.49,87,30
KITTY PENCIL ERASERS,320.09,1438,136
MIRRORED WALL ART POPPIES,319.71,287,38
FORKED CACTUS CANDLE,319.66,100,34
SPACE OWL,319.5,258,68
MILK PAN PINK POLKADOT,319.35,64,37
DECORATION WOBBLY CHICKEN,319.14,560,45
ANT COPPER PINK BOUDICCA BRACELET,318.89000000000004,64,34
SET OF 6 HALLOWEEN GHOST T-LIGHTS,318.66999999999996,693,83
GREEN HEART COMPACT MIRROR,318.31,220,33
BLACK EAR MUFF HEADPHONES,318.19,48,28
FUNKY MONKEY CUSHION COVER,317.16999999999996,232,46
NEWSPAPER STAND,316.95000000000005,27,5
SET/6 BLACK BIRD T-LIGHT CANDLES,316.75,215,39
PEACH KNITTED HEN,316.46,315,60
VINTAGE ROSE BEAD BRACELET RASPBERR,315.73,75,44
LARGE CAMPHOR WOOD FIELD MUSHROOM,315.27,43,27
HANGING WOOD AND FELT HEART,314.81,676,106
SCOTTIES DESIGN WASHBAG,314.54999999999995,170,56
PINK GINGHAM CAT WITH SCARF,314.51,144,30
BABY MOUSE RED GINGHAM DRESS,314.5,74,21
FAIRY DREAMS INCENSE,313.31,1264,101
SKULLS DESIGN FLANNEL,313.01,287,103
MISELTOE HEART WREATH,312.8,80,5
FLOOR LAMP SHADE WOOD BASE,312.7,33,13
SET OF 4 POLKADOT COASTERS,312.53,174,77
CHRISTMAS HANGING HEART WITH BELL,311.34999999999997,234,26
GREEN BIRDHOUSE DECORATION,310.49,440,59
KITTENS DESIGN FLANNEL,310.19,337,100
SET/6 BEAD COASTERS GAUZE BAG GOLD,309.29999999999995,582,27
SET OF 2 TEA TOWELS PING MICROWAVE,309.11,150,76
LOVELY BONBON STICKER SHEET,307.44,345,58
SET OF 3 PANTRY WOODEN SPOONS,306.66,225,41
BLACK SQUARE TABLE CLOCK,305.2,116,30
BOTANICAL ROSE GIFT WRAP,304.5,725,28
MISELTOE HEART WREATH WHITE,304.5,78,4
CHRISTMAS CARD SCREEN PRINT,304.5,1238,64
3 TRADITIONAL COOKIE CUTTERS  SET,304.20000000000005,162,4
SET OF 4 NAPKIN CHARMS INSTRUMENT,303.72999999999996,139,37
BLUE RETRO KITCHEN WALL CLOCK,301.88,36,18
COLUMBIAN CANDLE RECTANGLE,301.85999999999996,182,34
WALL ART DOG AND BALL,301.56,102,28
WHITE/PINK CHICK DECORATION,301.26,252,20
MONEY BOX BISCUITS DESIGN,299.72,228,57
WOOD AND GLASS MEDICINE CABINET,299.5,10,10
PAINT YOUR OWN EGGS IN CRATE,299.36,164,5
VINTAGE NOTEBOOK PARIS DAYS,298.27,107,24
AMETHYST CHUNKY BEAD BRACELET W STR,297.94,33,21
4 SKY BLUE DINNER CANDLES,297.90999999999997,150,62
MINI LADLE LOVE HEART PINK,297.82,529,166
CORDIAL GLASS JUG,297.13,35,16
MIXED NUTS LIGHT GREEN BOWL,296.45,568,68
WRAP CHRISTMAS SCREEN PRINT,296.25,1075,33
DOLLCRAFT GIRL AMELIE KIT,294.7,66,8
EASTER BUNNY GARLAND OF FLOWERS,293.8,615,79
WOVEN CANDY CUSHION COVER,292.56,68,39
QUEEN OF SKIES LUGGAGE TAG,292.29,197,99
MULTICOLOUR RABBIT EGG WARMER,292.07,319,70
BLUE BIRDHOUSE DECORATION,292.03,421,62
DECORATIVE VINTAGE COFFEE  BOX,291.85,55,22
EGG CUP HENRIETTA HEN PINK,291.58,211,37
4 PURPLE FLOCK DINNER CANDLES,290.8,144,38
IVORY HANGING DECORATION  EGG,290.2,733,51
CURIO CABINET LINEN AND LACE,290.1,36,18
LUNCH BAG RED SPOTTY,290.0,200,1
MEDIUM CHINESE STYLE SCISSOR,289.98,662,24
PACK OF 12 CHRISTMAS FUN CARDS,289.69,108,37
TOYBOX  WRAP,288.92,726,23
PAPER LANTERN 5 POINT SEQUIN STAR,287.5,50,21
"PINK/WHITE ""KEEP CLEAN"" BULLET BIN",286.91,77,33
QUEEN OF THE SKIES PASSPORT COVER,286.39,148,76
ICON MUG REVOLUTIONARY,284.49,703,81
WHITE AND BLUE CERAMIC OIL BURNER,283.93,192,42
RIDGED GLASS T-LIGHT HOLDER,283.51,412,43
CARTOON  PENCIL SHARPENERS,283.31,3821,64
BLUE  TILE HOOK,282.78999999999996,99,27
CHRYSANTHEMUM NOTEBOOK,282.48999999999995,169,80
SMALL PINK MAGIC CHRISTMAS TREE,282.38,645,40
PEARLISED IVORY HEART SMALL,281.17,228,29
FELT FARM ANIMAL SHEEP,280.42,373,42
STANDING FAIRY POLE SUPPORT,280.2,348,22
GREEN METAL SWINGING BUNNY,278.16999999999996,319,42
SWEETIES  STICKERS,277.24,301,50
WRAP DAISY CARPET,277.2,660,25
MIRRORED DOVE WALL DECORATION,276.72,116,24
4 ROSE PINK DINNER CANDLES,276.59000000000003,184,44
LA PALMIERA TILE COASTER,276.53,709,34
ZINC WIRE SWEETHEART LETTER TRAY,275.62,83,23
SET OF SKULL WALL STICKERS,274.37,95,20
STRAWBERRY DREAM CHILDS UMBRELLA,273.81,81,35
DOORSTOP RACING CAR DESIGN,273.46,123,37
VINTAGE CARAVAN GIFT WRAP,273.0,650,27
SILVER DISCO HANDBAG,272.99,129,35
TRIPLE WIRE HOOK PINK HEART,272.91,79,25
JUMBO BAG VINTAGE DOILEY,272.57,144,7
NUMBER TILE VINTAGE FONT No,272.2,173,33
BLUE PAISLEY POCKET BOOK,272.02,307,62
STAR  T-LIGHT HOLDER,271.68,159,29
SILVER MINI TAPE MEASURE,271.21999999999997,158,26
TUB 24 PINK FLOWER PEGS,271.03999999999996,164,58
WOODLAND SMALL BLUE FELT HEART,270.96,312,37
CURIOUS  IMAGES NOTEBOOK SET,270.72,182,11
ZINC TOP  2 DOOR WOODEN SHELF,270.08,13,12
HAND OPEN SHAPE DECO.WHITE,270.02000000000004,92,5
CHRYSANTHEMUM  JOURNAL,269.68,103,40
RAIN PONCHO,269.61,412,5
BUNNY EGG GARLAND,269.17,528,78
ASSORTED TUTTI FRUTTI HEART BOX,268.75,215,32
TUMBLER BAROQUE,268.53,531,40
DOORKNOB CRACKED GLAZE IVORY,268.2,180,5
MOROCCAN BEATEN METAL MIRROR,268.1,19,13
ORIGAMI ROSE INCENSE IN TUBE,267.82,535,13
"FLOWER FAIRY,5 SUMMER B'DRAW LINERS",267.75,105,25
12 PINK ROSE PEG PLACE SETTINGS,267.5,214,21
STRAWBRY SCENTED VOTIVE CANDLE,267.45,1101,24
PINK GOOSE FEATHER TREE 60CM,267.21,131,19
VINTAGE KITCHEN PRINT FRUITS,266.15,85,29
MOUSEY LONG LEGS SOFT TOY,266.03,97,41
"GARLAND, VINTAGE BELLS",265.88,92,10
S/4 BLACK MINI ROSE CANDLE IN BOWL,265.77,305,67
PURPLE BOUDICCA LARGE BRACELET,264.94,38,15
4 PINK DINNER CANDLE SILVER FLOCK,264.82,132,35
WOODLAND LARGE RED FELT HEART,264.72,205,22
PINK BOUDICCA LARGE BRACELET,264.7,38,12
CLEAR LOVE BIRD T-LIGHT HOLDER,264.46999999999997,92,26
BLUE JUICY FRUIT PHOTO FRAME,264.06,93,39
HEART T-LIGHT HOLDER,262.09000000000003,224,25
GREEN JUICY FRUIT PHOTO FRAME,261.89,94,39
GYMKHANNA TREASURE BOOK BOX,261.84000000000003,120,14
PINK RIVIERA HANDBAG,261.68,186,6
ASSORTED MONKEY SUCTION CUP HOOK,261.3,653,45
FOOD/DRINK SPONGE STICKERS,261.24,1244,35
BLUE FLOCK GLASS CANDLEHOLDER,259.96,644,10
HANGING MEDINA LANTERN SMALL,259.67,81,28
MAGAZINE RACK GEBRA ASSORTED,257.75,199,18
BLUE KNITTED HEN,257.21999999999997,220,50
ORANGE VOTIVE CANDLE,257.03999999999996,1032,25
2 PICTURE BOOK EGGS EASTER BUNNY,256.54,182,36
SKULLS STORAGE BOX SMALL,256.44,96,41
3D SHEET OF CAT STICKERS,255.62,260,75
MIRROR LOVE BIRD T-LIGHT HOLDER,255.0,144,12
ANTIQUE CREAM CUTLERY SHELF,254.98000000000002,29,19
CAMPHOR WOOD PORTOBELLO MUSHROOM,254.32999999999998,184,50
CERAMIC BIRDHOUSE CRESTED TIT SMALL,253.53000000000003,79,22
BLACK ENAMEL FLOWER RING,252.9,86,23
SKULLS TAPE,252.47000000000003,706,70
FOLK ART METAL STAR T-LIGHT HOLDER,252.33,485,67
SILVER BRACELET W PASTEL FLOWER,252.18,33,19
ANTIQUE IVORY WIRE BOWL SMALL,251.45000000000002,99,21
STRING OF STARS CARD HOLDER,250.22000000000003,78,15
CHARLIE+LOLA MY ROOM DOOR SIGN,249.48999999999998,403,84
PACK 3 BOXES CHRISTMAS PANETTONE,248.48,76,24
ECONOMY LUGGAGE TAG,248.09,159,62
ASSORTED TUTTI FRUTTI LARGE PURSE,247.8,118,25
HEN PARTY CORDON BARRIER TAPE,247.63,202,40
MONEY BOX HOUSEKEEPING DESIGN,247.42000000000002,237,58
CLASSIC SUGAR DISPENSER,247.32,216,12
CLASSICAL ROSE SMALL VASE,247.04,142,13
NUMBER TILE COTTAGE GARDEN 1,246.14,96,44
WHITE GLASS CHUNKY CHARM BRACELET,245.63,27,25
PAPERWEIGHT HOME SWEET HOME,245.57999999999998,158,29
FLOWERS  STICKERS,245.35999999999999,257,61
PINK HEARTS PAPER GARLAND,245.20000000000002,168,7
SILVER TEDDY BEAR,244.72,64,27
PINK/BLUE DISC/MIRROR STRING,244.17,566,15
CHERRY BLOSSOM PASSPORT COVER,243.53,194,71
THREE CANVAS LUGGAGE TAGS,243.49,150,48
CANDY SPOT EGG WARMER RABBIT,242.32,641,90
NUMBER TILE COTTAGE GARDEN 2,242.24,94,39
WOODLAND SMALL PINK FELT HEART,242.17999999999998,286,31
CROCHET ROSE PURSE WITH SUEDE BACK,241.24000000000004,76,22
ASSORTED SHAPES PHOTO CLIP SILVER,241.20999999999998,473,12
ZINC WIRE KITCHEN ORGANISER,239.97,30,16
NINJA RABBIT BLACK,239.24,187,58
RUSTIC STRAWBERRY JAMPOT LARGE,238.56,120,6
DOORKNOB CRACKED GLAZE BLUE,238.49999999999997,162,3
BATHROOM SET LOVE HEART DESIGN,237.98000000000002,82,14
SNACK TRAY HAPPY FOREST,236.87,117,25
JOY LARGE WOOD LETTERS,236.17,39,16
DAISY NOTEBOOK,235.18999999999997,135,63
BLUE  VOILE LAMPSHADE,234.5,86,9
LETTER SHAPE PENCIL SHARPENER,234.0,3333,45
T-LIGHT HOLDER SILVER PETIT FOUR,233.67000000000002,185,16
SPACE FROG,233.52,174,56
GLITTER CHRISTMAS HEART,233.51999999999998,270,21
CRYSTAL STUD EARRINGS ASSORTED COL,232.56,612,15
PINK MONTE CARLO HANDBAG,232.32999999999998,98,10
PINK BUNNY EASTER EGG BASKET,231.89999999999998,158,4
KEEP OUT BOYS DOOR HANGER,231.36999999999998,144,43
FLORAL SOFT CAR TOY,230.81,54,30
PAPERWEIGHT KINGS CHOICE,230.67999999999998,168,23
SET OF 36 MUSHROOM PAPER DOILIES,230.54999999999998,159,30
BLUE BUNNY EASTER EGG BASKET,230.24999999999997,157,3
CRYSTAL DIAMANTE STAR BROOCH,229.68,46,31
SET/4 BLUE FLOWER CANDLES IN BOWL,229.46999999999997,137,35
4 BLUE DINNER CANDLES SILVER FLOCK,229.22,88,31
BUNNY EGG BOX,228.75,183,26
AMBER GLASS/SILVER BRACELET,227.89,25,16
RED RETROSPOT WASHBAG,227.6,79,34
TRAVEL CARD WALLET VINTAGE ROSE,226.2,542,53
GREEN ENAMEL FLOWER RING,225.84,77,31
BOTANICAL LAVENDER BIRTHDAY CARD,225.59,504,80
HAND WARMER RED POLKA DOT,225.00000000000003,120,18
ST TROPEZ NECKLACE,224.12,45,35
MILK BOTTLE WITH GLASS STOPPER,223.46,30,17
BOX/12 CHICK & EGG IN BASKET,223.10999999999999,123,41
PEACE SMALL WOOD LETTERS,222.96,30,24
2 PICTURE BOOK EGGS EASTER CHICKS,222.22,171,25
SILVER OVAL SHAPE TRINKET BOX,221.79999999999998,25,17
GOLD EAR MUFF HEADPHONES,221.65,38,25
BLUE HEART COMPACT MIRROR,221.25,129,16
PAPERWEIGHT VINTAGE PAISLEY,220.04,152,33
PINK CHICK EGG WARMER + EGG CUP,219.66,196,40
SILVER FABRIC MIRROR,219.35000000000002,458,46
ASSTD COL BUTTERFLY/CRYSTAL W/CHIME,218.87,459,13
PINK BUTTERFLY CUSHION COVER,218.32999999999998,58,25
SMALL TALL CAMPHOR WOOD TOADSTOOL,217.89,142,34
SMALL CHUNKY GLASS ROMAN  BOWL,217.68,160,15
ZINC HEART LATTICE CHARGER LARGE,217.57999999999998,52,18
DAISY JOURNAL,217.55999999999997,80,34
SILVER STANDING GNOME,217.35999999999999,44,22
"SMALL POP BOX,FUNKY MONKEY",216.47,152,34
SET 8 CANDLES VINTAGE DOILEY,216.29999999999998,122,7
ASS COLOUR GLOWING TIARAS,216.06,282,25
SMALL CAMPHOR WOOD FIELD  MUSHROOM,215.67999999999998,121,41
GREEN MURANO TWIST BRACELET,215.20000000000002,51,22
BOOZE & WOMEN GREETING CARD,214.19,504,58
NUMBER TILE VINTAGE FONT 3,213.7,108,42
VIPPASSPORT COVER,211.76000000000002,143,34
BLUE SWEETHEART BRACELET,211.43,50,26
GREEN ROUND COMPACT MIRROR,210.56,144,21
PINK JEWELLED MIRROR TRINKET TRAY,210.54999999999998,34,18
WAKE UP COCKEREL TILE COASTER,210.51999999999998,604,35
TIGRIS EYE CHUNKY CHARM BRACELET,210.04,23,20
PEG BAG APPLE DESIGN,210.0,100,1
RED BOUDICCA LARGE BRACELET,209.73000000000002,30,12
LARGE SKULL WINDMILL,209.61,91,24
JADE DROP EARRINGS W FILIGREE,209.10000000000002,42,25
HANGING GLASS ETCHED TEALIGHT,208.46999999999997,133,11
METALIC LEAVES BAG CHARMS,207.60999999999999,84,36
SMOKEY GREY COLOUR D.O.F. GLASS,207.39,591,26
TEATIME ROUND PENCIL SHARPENER,205.42,1461,67
DAISY SKETCHBOOK,205.04,73,27
MULTI HEARTS  STICKERS,204.69,237,42
NUMBER TILE COTTAGE GARDEN No,204.19,75,33
GREEN SQUARE COMPACT MIRROR,203.51,131,20
OPIUM SCENTED VOTIVE CANDLE,203.27999999999997,840,18
GARDEN METAL SIGN,203.20999999999998,114,29
BEACH HUT DESIGN BLACKBOARD,203.07,41,15
ENGLISH ROSE SMALL SCENTED FLOWER,202.53,219,45
PURPLE ENAMEL FLOWER RING,202.51000000000002,69,28
MINI JIGSAW LEAP FROG,202.37,504,35
PINK BITTY LIGHT CHAIN,201.31,106,36
NUMBER TILE VINTAGE FONT 1,200.59,99,32
JUNGLE POPSICLES ICE LOLLY HOLDERS,199.99,141,29
CAROUSEL DESIGN WASHBAG,199.84,108,50
BLACK CHUNKY BEAD BRACELET W STRAP,199.67,22,18
BOTANICAL LAVENDER GIFT WRAP,199.5,475,19
MIRRORED WALL ART GENTS,199.48999999999998,171,43
HANGING METAL CHICKEN DECORATION,198.52,152,34
LARGE  TALL CAMPHOR WOOD TOADSTOOL,197.81,37,17
NUMBER TILE VINTAGE FONT 2,197.56,102,34
SILVER M.O.P ORBIT BRACELET,197.09,38,27
FELT EGG COSY LADYBIRD,196.82,327,51
CHRISTMAS CARD STACK OF PRESENTS,196.44,816,36
MIDNIGHT BLUE VINTAGE EARRINGS,195.32,52,32
PSYCHEDELIC TILE COASTER,195.22,430,28
FIRST CLASS PASSPORT COVER,194.94,93,43
A PRETTY THANK YOU CARD,194.58,456,35
NUMBER TILE VINTAGE FONT 5,194.04999999999998,99,36
FIRST CLASS LUGGAGE TAG,193.59,152,49
SILVER M.O.P ORBIT DROP EARRINGS,193.33,46,37
DIAMANTE BOW BROOCH GREEN COLOUR,193.2,30,18
SET/4 DAISY MIRROR MAGNETS,193.03,495,44
PINK PAISLEY CUSHION COVER,192.14,26,17
NUMBER TILE VINTAGE FONT 4,191.48,100,32
RAINBOW PEGS PHOTO CLIP STRING,191.18,292,39
GREEN CHRISTMAS TREE STRING 20LIGHT,191.1,42,11
RED KUKUI COCONUT SEED NECKLACE,190.73000000000002,122,25
NINJA RABBIT PINK,190.29,169,42
STARFISH SOAP DISH,189.75,74,25
ROUND WHITE CONFETTI IN TUBE,189.67999999999998,108,13
DONKEY TAIL GAME,189.54000000000002,54,4
WHITE CHRISTMAS STAR DECORATION,189.42,439,30
SET/4 BIRD MIRROR MAGNETS,188.86999999999998,485,51
ROUND PINK HEART MIRROR,188.81,85,22
BLUE DELPHINIUM ARTIFICIAL FLOWER,188.37000000000003,99,6
FLORAL PINK MONSTER,187.54,43,16
PINK OVAL SHAPE TRINKET BOX,186.64,20,13
ENGLISH ROSE NOTEBOOK A6 SIZE,186.56,399,21
EIGHT PIECE DINOSAUR SET,186.43,126,35
75 GREEN PETIT FOUR CASES,186.25,375,74
RED  EGG  SPOON,185.51999999999998,1369,92
MEDIUM PINK BUDDHA HEAD,185.45000000000002,55,21
RED ENAMEL FLOWER RING,185.42000000000002,63,21
FLAG OF ST GEORGE CHAIR,185.3,38,8
GIFT BAG LARGE VINTAGE CHRISTMAS,185.0,148,9
CHAMBRE HOOK,184.67999999999998,132,25
GOLD/M.O.P PENDANT ORBIT NECKLACE,184.66,22,19
FRENCH ENAMEL UTENSIL HOLDER,183.71,45,16
SET OF 4 CAROUSEL PLACEMATS,183.45,91,23
RETRO PLASTIC 70'S TRAY,183.10999999999999,387,65
PSYCHEDELIC TILE HOOK,182.95000000000002,299,44
"TUMBLER, NEW ENGLAND",182.29999999999998,142,14
SILVER BOOK MARK WITH BEADS,182.25,161,34
BOTANICAL LILY GREETING CARD,181.98,427,60
PINK YELLOW PATCH CUSHION COVER,180.93,29,23
ASSORTED CHEESE FRIDGE MAGNETS,180.71,223,18
CREAM DELPHINIUM ARTIFICIAL FLOWER,180.58,70,8
PINK DISCO HANDBAG,180.51999999999998,84,22
ANGEL DECORATION WITH LACE PADDED,180.2,212,11
CANDY SHOP  STICKER SHEET,179.45999999999998,195,33
SWIRLY CIRCULAR RUBBERS IN BAG,178.97,472,59
GREEN  DIAMANTE PEN IN GIFT BOX,178.89,76,33
BEADED CRYSTAL HEART BLUE ON STICK,178.85,193,50
CREAM HANGING HEART T-LIGHT HOLDER,178.51000000000002,61,9
DOLLCRAFT GIRL AMELIE,178.2,36,8
NUMBER TILE COTTAGE GARDEN 4,177.46,72,30
BEACH HUT KEY CABINET,177.33,34,21
GLASS CHALICE GREEN  SMALL,175.78,161,19
BLUE CIRCLES DESIGN MONKEY DOLL,175.73,66,28
Dotcomgiftshop Gift Voucher £30.00,175.53,7,7
S/4 GROOVY CAT MAGNETS,175.16,149,24
"RUSTIC WOODEN CABINET, GLASS DOORS",174.76999999999998,5,3
BLACK GLASS BRACELET W HEART CHARMS,174.73000000000002,35,27
PACK 20 DOLLY PEGS,174.5,242,4
MEDIUM WHITE/PINK ROSE ART FLOWER,174.31,127,11
ENAMEL BLUE RIM COFFEE CONTAINER,174.09,152,26
CHRISTMAS CARD SINGING ANGEL,173.37,411,39
ASS COL CIRCLE MOBILE,173.15999999999997,474,6
FUNKY MONKEY GIFT BAG MEDIUM,173.12,371,41
NUMBER TILE VINTAGE FONT 6,172.78,96,28
WHITE SQUARE TABLE CLOCK,172.75,105,21
50CM METAL STRING WITH  7 CLIPS,172.64,226,23
SPACE CADET RED,172.2,141,33
BATHROOM SCALES FOOTPRINTS IN SAND,172.05,51,20
PINK PAINTED KASHMIRI CHAIR,171.8,4,1
PINK RETRO BIG FLOWER BAG,171.6,88,14
DIAMANTE BOW BROOCH RED COLOUR,171.45,27,10
JARDIN ETCHED GLASS SMALL BELL JAR,171.11,45,9
VINTAGE WOODEN BAR STOOL,169.75,6,4
BEADED CRYSTAL HEART GREEN SMALL,168.59,119,31
CLASSIC WHITE FRAME,168.16000000000003,56,16
SILVER HOOP EARRINGS WITH FLOWER,168.0,28,18
JARDIN ETCHED GLASS LARGE BELL JAR,167.70000000000002,38,13
Dotcomgiftshop Gift Voucher £50.00,167.56,4,4
MIDNIGHT BLUE GLASS/SILVER BRACELET,167.3,18,15
Dotcomgiftshop Gift Voucher £20.00,167.05,10,9
2 PICTURE BOOK EGGS EASTER DUCKS,165.89,124,25
VINTAGE KITCHEN PRINT VEGETABLES,165.75,65,12
MOROCCAN BEATEN METAL DISH LARGE,165.74,12,8
LAVENDER SCENT CAKE CANDLE,165.6,624,17
PAISLEY PARK CARD,165.07999999999998,376,41
Bank Charges,165.001,12,11
MINI JIGSAW GO TO THE FAIR,164.84,403,40
RETRO PLASTIC DAISY TRAY,164.58999999999997,300,63
MOCK LOBSTER FRIDGE MAGNET,164.17,296,45
BLUE MURANO TWIST BRACELET,164.12,39,15
SILVER LARIAT 40CM,163.82,26,10
PURPLE ENAMEL+GLASS HAIR COMB,163.8,84,4
MONEY BOX CONFECTIONERY DESIGN,163.69,146,29
NUMBER TILE COTTAGE GARDEN 3,163.35,67,25
PINK STRAWBERRY HANDBAG,163.1,60,34
SILVER/MOP ORBIT NECKLACE,162.79,16,15
CHARLIE AND LOLA CHARLOTTE BAG,162.20999999999998,65,27
CLASSICAL ROSE CANDLESTAND,162.20000000000002,194,12
MIRRORED WALL ART SPLODGES,161.49,101,16
FRENCH CHATEAU LARGE PLATTER,160.5,70,18
SPRIG LAVENDER ARTIFICIAL FLOWER,160.48,224,10
MOROCCAN BEATEN METAL DISH,160.09,15,6
SET 4 PICNIC CUTLERY BLUEBERRY,159.9,82,9
WRAP RED DOILEY,159.6,380,16
"DECOUPAGE,GREETING CARD,",158.63,357,32
GREEN VINTAGE EARRINGS,158.08,39,28
PORCELAIN BUDAH INCENSE HOLDER,158.06,1525,34
WRAP CAROUSEL,157.5,375,14
OLD ROSE COMBO BEAD NECKLACE,157.5,54,45
BATHROOM HOOK,157.5,146,27
BLUE CIRCLES DESIGN TEDDY,157.5,57,25
GREEN WIRE STANDING CANDLE HOLDER,157.34,38,18
VINTAGE BEAD COSMETIC BAG,156.85,57,35
TUSCAN VILLA BIRD TABLE,156.75,19,11
BLUE FLY SWAT,156.63,179,66
ASSORTED CIRCULAR MOBILE,155.82,698,33
IVY HEART WREATH,155.6,18,11
LUNCH BOX WITH CUTLERY FAIRY CAKES,155.54999999999998,61,24
RETRO LEAVES MAGNETIC NOTEPAD,155.54,106,19
LARGE TORTILLA DESIGN RED BOWL,154.67999999999998,78,22
PANTRY KITCHEN THERMOMETER,154.52,112,31
ASS DES PHONE SPONGE CRAFT STICKER,154.39,511,14
SET OF 12 ROSE BOTANICAL T-LIGHTS,153.29000000000002,51,9
FLOWER FAIRY 5 DRAWER LINERS,153.0,60,20
GOLD M PEARL  ORBIT NECKLACE,152.84,15,13
ANTIQUE GLASS PLACE SETTING,152.5,122,8
VINTAGE ROSE BEAD BRACELET BLACK,152.4,36,17
HEART TRELLISTRIPLE T-LIGHT HOLDER,152.24,56,5
BLUE ROUND COMPACT MIRROR,152.18,97,18
NEW BAROQUE BLACK PHOTO ALBUM,152.11,29,14
BLUE PUDDING SPOON,151.19,1052,82
YELLOW DRAGONFLY HELICOPTER,151.05,19,8
WHITE TISSUE REAM,151.05,19,13
NUMBER TILE COTTAGE GARDEN 6,150.81,65,21
BOYS PARTY BAG,150.54999999999998,47,11
COSY SLIPPER SHOES SMALL  RED,150.48000000000002,48,21
YELLOW EASTER EGG HUNT START POST,150.38,76,19
WHITE 3 FRAME BIRDS AND TREE,150.0,20,10
BLUE PAINTED KASHMIRI CHAIR,149.85000000000002,3,1
BLACK VINTAGE EARRINGS,149.41000000000003,36,31
KIDS CUTLERY SPACEBOY,149.4,36,8
KIDS CUTLERY DOLLY GIRL,149.4,36,8
POLYESTER FILLER PAD 45x30cm,149.35,103,38
BLOND DOLL DOORSTOP,149.25,115,14
NUMBER TILE COTTAGE GARDEN 7,149.09,63,25
CRYSTAL DIAMANTE EXPANDABLE RING,148.63,35,11
TUSCAN VILLA BIRD FEEDER,148.63,17,9
BLUE CAT BISCUIT BARREL PINK HEART,148.32,66,17
PINK HEART DOTS HOT WATER BOTTLE,147.88,36,11
CUBIC MUG FLOCK PINK ON BROWN,146.91,175,32
BATHROOM SCALES RUBBER DUCKS,146.85,43,21
NUMBER TILE COTTAGE GARDEN 0,146.6,64,20
NUMBER TILE VINTAGE FONT 7,146.43,87,25
BLUE GEISHA GIRL,146.07999999999998,44,25
GREEN GEISHA GIRL,146.05,46,28
SPACE BOY CHILDRENS CUP,145.76,131,6
FRUIT SALAD BAG CHARM,145.52,64,45
NUMBER TILE COTTAGE GARDEN 5,145.5,60,26
STRIPES DESIGN TEDDY,145.35,57,30
FUSCHIA FLOWER PURSE WITH BEADS,145.17,159,14
GIRLS PARTY BAG,144.43,47,13
RED DAISY POCKET BOOK,144.29,167,33
MIRRORED WALL ART LADIES,144.03,164,33
ASSORTED COLOUR METAL CAT,143.75,115,25
SET/20 FRUIT SALAD PAPER NAPKINS,143.44,88,25
BOTANICAL ROSE GREETING CARD,141.95,337,22
GREEN FERN NOTEBOOK,141.23999999999998,86,44
BLUE POLKADOT PURSE,141.15,44,33
WHITE  ROSEBUD PEARL BRACELET,140.98,38,15
POPART RECT PENCIL SHARPENER ASST,140.52,1166,33
DAISY HAIR BAND,140.32999999999998,85,37
S/6 SEW ON CROCHET FLOWERS,140.02,110,20
UNION JACK HOT WATER BOTTLE,139.86,13,3
SET OF 36 PANTRY PAPER DOILIES,139.78,67,33
METAL HERB GERDEN CONTAINER,139.68,24,5
VINTAGE ZINC WATERING CAN,139.39999999999998,13,8
NUMBER TILE COTTAGE GARDEN 8,138.81,61,20
BLUE DAISY MOBILE,138.76,172,12
EASTER BUNNY WREATH,138.6,28,10
SET 4 PICNIC CUTLERY CHERRY,138.45,71,9
NUMBER TILE COTTAGE GARDEN 9,138.10999999999999,63,19
ABSTRACT CIRCLES POCKET BOOK,137.7,162,42
AMETHYST GLASS/SHELL/PEARL NECKLACE,137.63,15,14
CHRISTMAS RETROSPOT HEART WOOD,137.59,139,27
GOLD SCROLL GLASS T-LIGHT HOLDER,137.22000000000003,80,5
ASSORTED SANSKRIT MINI NOTEBOOK,136.25,109,6
VINTAGE ENAMEL & CRYSTAL EARRINGS,134.70000000000002,27,18
SUMMER BUTTERFLIES BAG CHARM,134.53,54,31
CAKES AND RABBITS DESIGN FLANNEL,134.48999999999998,119,50
ICON PLACEMAT POP ART ELVIS,134.37,832,33
NEW BAROQUE LARGE NECKLACE BLK/WHIT,134.16,16,14
POLYESTER FILLER PAD 30CMx30CM,133.75,107,26
EASTER BUNNY HANGING GARLAND,133.23,68,23
GOLD WINE GOBLET,132.72,168,8
PAIR OF PINK FLOWER CLUSTER SLIDE,132.7,53,37
PINK/YELLOW FLOWERS HANDBAG,132.5,106,8
BANK ACCOUNT  GREETING  CARD,132.44,318,38
PURPLE ACRYLIC FACETED BANGLE,132.05,107,8
GREEN METAL BOX TOP SECRET,132.0,16,4
SMALL JEWELLERY STAND,132.0,16,6
AMBER DIAMANTE EXPANDABLE RING,131.03,31,13
PINK ROSEBUD PEARL BRACELET,130.67,27,14
RED   ACRYLIC FACETED BANGLE,130.51000000000002,99,10
PIG MUG IN TWO COLOUR DESIGNS,130.26999999999998,159,17
COPPER/OLIVE GREEN FLOWER NECKLACE,129.85,21,14
PINK HORSE SOCK PUPPET KIT,129.8,44,14
VINTAGE KITCHEN PRINT SEAFOOD,129.63,43,14
PINK PILLAR CANDLE SILVER FLOCK,129.47,81,19
RED PUDDING SPOON,128.63,881,72
SILVER APERITIF GLASS,128.4,276,8
PINK/BLUE STRING CURTAIN,128.32999999999998,57,5
SCENTED CANDLE IN DIGITALIS TIN,128.14000000000001,57,13
SMALL WHITE/PINK ROSE ART FLOWER,127.57000000000001,113,9
BLACK+WHITE NECKLACE W TASSEL,127.24,17,9
BEADED PEARL HEART WHITE LARGE,127.04999999999998,77,10
NUMBER TILE VINTAGE FONT 8,126.78,78,23
SET 4 PICNIC CUTLERY FONDANT,126.75,65,6
GLASS SONGBIRD STORAGE JAR,126.7,11,3
CREAM SWEETHEART WALL CABINET,126.64999999999999,7,5
5 STRAND GLASS NECKLACE CRYSTAL,126.63999999999999,20,10
SNACK TRAY RED GINGHAM,125.72,60,14
LARGE JEWELLERY STAND,125.0,10,4
NUMBER TILE VINTAGE FONT 9,124.97999999999999,76,21
OYSTER TRINKET BOX,123.66,54,19
WOODLAND LARGE BLUE FELT HEART,123.47,92,13
POLKADOT MUG PINK,123.29999999999998,72,13
SET OF 3 MINI HANGING PORTRAITS,123.2,32,2
CRYSTAL STUD EARRINGS CLEAR DISPLAY,123.12,324,7
LARGE PARLOUR FRAME,122.85,27,2
PURPLE GEMSTONE BRACELET,122.84,19,10
RUBY GLASS CLUSTER BRACELET,122.64000000000001,20,14
CANDY SPOT HEART DECORATION,122.08,146,50
TURQUOISE GLASS TASSLE BAG CHARM,121.38000000000001,57,20
"RETRO ""TEA FOR ONE""",120.99,21,17
ZINC HEART LATTICE 2 WALL PLANTER,120.64999999999999,19,11
PAIR BUTTERFLY HAIR CLIPS,120.34,32,17
VINTAGE ZINC PLANTER,120.08000000000001,32,11
GIFT BAG LARGE SPOT,120.0,96,6
DAISY FOLKART HEART DECORATION,120.0,96,16
ANT COPPER RED BOUDICCA BRACELET,119.91000000000001,24,21
BLUE MURANO TWIST NECKLACE,119.89,12,11
MIDNIGHT BLUE PAIR HEART HAIR SLIDE,119.84,32,24
PACK 3 FIRE ENGINE/CAR PATCHES,119.65,86,19
FROSTED WHITE BASE,119.63999999999999,239,23
LUNCH BAG VINTAGE DOILEY,119.63,71,5
TURQUOISE CRYSTAL+GLASS BRACELET,119.23,24,11
GROOVY CACTUS INFLATABLE,119.08999999999999,303,22
SPACE CADET WHITE,119.03,98,30
PINK OVAL JEWELLED MIRROR,119.0,20,11
SET OF 12 T-LIGHTS VINTAGE DOILEY,118.94999999999999,61,6
FOLDING MIRROR HOT PINK,118.91999999999999,156,5
STRIPES DESIGN MONKEY DOLL,118.72999999999999,39,22
SET/6 POSIES PAPER PLATES,118.72999999999999,125,14
HEN HOUSE W CHICK STANDING,118.21,283,24
AMBER CHUNKY BEAD BRACELET W STRAP,117.73,13,9
AMBER DROP EARRINGS W LONG BEADS,117.24000000000001,40,23
CITRUS GARLAND FELT FLOWERS,117.0,60,14
ZINC SWEETHEART SOAP DISH,116.82000000000001,62,21
FRENCH STYLE STORAGE JAR JAM,116.58999999999999,323,30
BLACK SILOUETTE CANDLE PLATE,116.44999999999999,137,20
SUMMER FUN DESIGN SHOWER CAP,116.32999999999998,325,18
LARGE ZINC GLASS CANDLEHOLDER,116.06,34,11
WHITE CHRYSANTHEMUMS ART FLOWER,115.50000000000001,55,8
TEATIME PUSH DOWN RUBBER,115.3,479,13
LONG SILVER NECKLACE PASTEL FLOWER,114.48,9,6
WALL ART BICYCLE SAFTEY,114.15,21,3
TURQ STONE/CRYSTAL EARRINGS,113.97,39,31
SET/3 RABBITS FLOWER SKIPPPING ROPE,113.41,127,26
LARGE BLUE PROVENCAL CERAMIC BALL,113.05000000000001,49,11
ASS FLORAL PRINT SPIRIT LEVEL,112.81,101,37
PSYCHEDELIC WALL THERMOMETER,112.47999999999999,80,14
CRYSTAL PAIR HEART HAIR SLIDES,112.26,30,16
NECKLACE+BRACELET SET BLUE BLOSSOM,112.21,45,26
PAISLEY PATTERN  STICKERS,111.86,125,32
"LETTER ""A"" BLING KEY RING",111.66,130,56
"FLOWER GLASS GARLD NECKL36""AMETHYST",110.95,14,11
BLACK DIAMANTE EXPANDABLE RING,110.09,26,10
PURPLE BERTIE GLASS BEAD BAG CHARM,110.03,95,19
POSY CANDY BAG,109.96,92,16
BLACK GRAND BAROQUE PHOTO FRAME,109.94,50,8
VINTAGE KITCHEN PRINT PUDDINGS,109.64999999999999,43,7
GREEN MURANO TWIST NECKLACE,109.53999999999999,11,8
PINK CRYSTAL+GLASS BRACELET,109.48,22,14
HILDA CANDY SPOT RABBIT,109.23,25,16
HANGING BAUBLE T-LIGHT HOLDER LARGE,108.71000000000001,33,15
PAPER LANTERN 6 POINT SNOW STAR,107.9,26,6
MIRRORED WALL ART TABLE LAMP,107.75,75,33
PINK FELT HANGING HEART W FLOWER,107.72,106,20
LAVENDER INCENSE 40 CONES IN TIN,107.44999999999999,109,10
BEADED CRYSTAL HEART BLUE SMALL,107.31,80,15
HOUSE WRECKING METAL SIGN,107.10000000000001,51,23
SET 10 CARDS DINKY TREE 17076,107.07000000000001,43,16
SMALL PARLOUR FRAME,106.98000000000002,42,2
"ACRYLIC JEWEL ICICLE, PINK",106.97,266,19
"ACRYLIC HANGING JEWEL,BLUE",106.81,270,24
PINK BERTIE GLASS BEAD BAG CHARM,106.24,115,10
TROPICAL LUGGAGE TAG,105.91,73,33
VINTAGE NOTEBOOK TRAVELOGUE,105.73,38,13
SILVER/M.O.P PENDANT ORBIT NECKLACE,105.71000000000001,17,7
BOTANICAL LILY GIFT WRAP,105.0,250,7
PACKING CHARGE,105.0,14,14
FOUR RABBIT EASTER DECORATIONS,104.84,72,15
PINK SQUARE TABLE CLOCK,104.84,71,14
12 PINK HEN+CHICKS IN BASKET,104.55,41,14
DRAGONS BLOOD INCENSE,104.44,423,39
SMALL BLUE PROVENCAL CERAMIC BALL,103.93999999999998,62,9
PAINTED LIGHTBULB STAR+ MOON,103.64999999999999,181,53
PACK/12 XMAS FUN CARD,103.25000000000001,35,11
IVORY SHELL HEART NECKLACE,103.13,21,8
75 GREEN FAIRY CAKE CASES,102.91000000000001,70,42
NUMBER TILE VINTAGE FONT 0,102.46,70,16
PURPLE GEMSTONE NECKLACE 45CM,102.0,8,5
WHITE VINT ART DECO CRYSTAL NECKLAC,102.0,12,8
"LARGE CAKE TOWEL, CHOCOLATE SPOTS",101.53,11,8
PINK CAT FLORAL CUSHION COVER,100.97,25,18
PINK STRING CURTAIN WITH POLE,100.86,30,9
MINI HIGHLIGHTER PENS,100.79999999999998,840,4
PINK/FLOWER RABBIT EGG WARMER,100.76,119,15
Dotcomgiftshop Gift Voucher £40.00,100.69999999999999,3,3
MIRRORED WALL ART FOXY,100.66000000000001,16,9
BLACK/WHITE GLASS/SILVER BRACELET,100.08999999999999,11,7
LILY BROOCH OLIVE COLOUR,99.60000000000001,20,15
SET 10 CARDS RED RIDING HOOD 17214,99.60000000000001,40,16
LAVENDER INCENSE IN TIN,99.29,172,25
VINTAGE ZINC WATERING CAN SMALL,99.2,18,8
TUSCAN VILLA FEEDING STATION,99.0,12,7
TUSCAN VILLA DOVECOTE,99.0,12,4
BUNDLE OF 3 RETRO EXERCISE BOOKS,98.99999999999999,60,5
YELLOW FLOWERS FELT HANDBAG KIT,98.63000000000001,46,19
PAINTED LIGHTBULB RAINBOW DESIGN,98.53999999999999,153,51
WHITE FRANGIPANI NECKLACE,98.07,39,17
CHERRY BLOSSOM CANVAS ART PICTURE,97.95,41,6
BLUE GREEN EMBROIDERY COSMETIC BAG,97.13,35,22
AMETHYST DIAMANTE EXPANDABLE RING,97.02,23,12
PINK CANDYSTUFT ARTIFICIAL FLOWER,96.88999999999999,137,11
PAIR OF ENAMEL BUTTERFLY HAIRCLIP,96.86,29,18
PINK HYDRANGEA ART FLOWER,96.60000000000001,46,5
GOLD M.O.P ORBIT BRACELET,96.52000000000001,18,18
SWEET PUDDING STICKER SHEET,95.52999999999999,98,36
BUTTERFLY HAIR BAND,95.41999999999999,38,21
RECIPE BOX WITH METAL HEART,95.4,12,6
"FLOWER GLASS GARLAND NECKL.36""BLACK",95.35000000000001,12,5
FINE SILVER NECKLACE W PASTEL FLOWE,95.35000000000001,17,7
AMBER CHUNKY GLASS+BEAD NECKLACE,95.25,8,8
CHERRY BLOSSOM LUGGAGE TAG,95.17999999999999,73,33
FLAMES SUNGLASSES PINK LENSES,95.1,52,8
TEAL/FUSCHIA COL BEAD NECKLACE,94.43,19,13
VIP PASSPORT COVER,94.04,43,17
HOME SWEEET HOME 3 PEG HANGER,93.75,25,4
PINK GREEN EMBROIDERY COSMETIC BAG,93.19,33,20
BLUE PAISLEY NOTEBOOK,92.39999999999999,56,23
GOLD M.O.P ORBIT DROP EARRINGS,92.28,22,17
PINK STOCKING CHRISTMAS DECORATION,92.21000000000001,226,19
PINK MARSHMALLOW SCARF KNITTING KIT,91.8,36,1
BROWN KUKUI COCONUT SEED NECKLACE,91.7,77,11
PINK GLASS CHUNKY CHARM BRACELET,91.68,10,9
VINTAGE KEEPSAKE BOX PINK FLOWER,91.48,20,15
DOUBLE CERAMIC PARLOUR HOOK,91.30000000000001,22,5
FIRST CLASS HOLIDAY PURSE,90.42,31,20
JASMINE VOTIVE CANDLE,90.33999999999999,338,12
PINK ROSEBUD & PEARL NECKLACE,90.32,12,9
EDWARDIAN DROP EARRINGS JET BLACK,90.2,24,20
SILVER  CANDLEPOT JARDIN,90.0,24,7
BAG OF SILVER STONES,89.94999999999999,131,13
4 PINK FLOCK CHRISTMAS BALLS,89.72,50,22
WOODEN BOX ADVENT CALENDAR,89.5,10,5
SET/3 TALL GLASS CANDLE HOLDER PINK,89.22,4,3
PINK HEART OF GLASS BRACELET,89.12,15,9
GREEN PEONY CUSHION COVER,88.35000000000001,19,6
S/3 PINK SQUARE PLANTERS ROSES,88.22,10,9
PINK & WHITE ROSEBUD RING,88.04,21,15
RED GLASS TASSLE BAG CHARM,88.03,40,16
BLUE KNITTED EGG COSY,87.56,156,28
12 HANGING EGGS HAND PAINTED,87.36,42,7
GOLD FABRIC MIRROR,86.76,180,29
SET/4 MODERN VINTAGE COTTON NAPKINS,86.75,77,23
SET 10 CARDS 12 DAYS WRAP  17058,86.58000000000001,26,11
GREEN PAIR HEART HAIR SLIDES,86.11,23,14
SMOKEY GREY COLOUR GLASS,85.91999999999999,240,15
PAINTED SEA SHELL METAL WINDCHIME,85.31,93,8
GOLDIE LOOKING MIRROR,84.15,17,6
MEDIUM PARLOUR FRAME,84.1,22,2
"TUMBLER, BAROQUE",84.03999999999999,56,7
WRAP FOLK ART,84.0,200,8
FROG CANDLE,83.78,64,19
RUBY DROP CHANDELIER EARRINGS,83.42,21,14
Dotcomgiftshop Gift Voucher £100.00,83.33,1,1
GREEN HEART OF GLASS BRACELET,83.29,14,6
PINK GLASS TASSLE BAG CHARM,82.97999999999999,45,20
BLUE WIRE SPIRAL CANDLE HOLDER,82.57,12,6
FOLK ART METAL HEART T-LIGHT HOLDER,82.1,163,19
PINK AND BLACK STRING CURTAIN,82.1,38,5
TEATIME GEL PENS ASST,82.08,504,5
BLUE BLOSSOM HAIR CLIP,81.96000000000001,70,12
POCKET MIRROR WOODLAND,81.8,94,20
TROPICAL HOLIDAY PURSE,81.66,32,18
A4 WALL TIDY BLUE OFFICE,80.96000000000001,127,12
BLUE GLASS CHUNKY CHARM BRACELET,80.55,9,6
"GREETING CARD,SQUARE, DOUGHNUTS",80.46,174,27
FLOWERS TILE HOOK,80.16000000000001,59,13
SET 36 COLOUR PENCILS DOILEY,80.0,64,3
GREEN GLASS TASSLE BAG CHARM,79.76,35,16
PINK MURANO TWIST NECKLACE,79.66,8,6
ANT SILVER LIME GREEN BOUDICCA RING,79.65,27,10
RED PEONY CUSHION COVER,79.05000000000001,17,5
SMALL ZINC/GLASS CANDLEHOLDER,78.92999999999999,53,8
FLORAL BATHROOM SET,78.75,21,11
FIRE POLISHED GLASS BRACELET GREEN,78.69,21,9
PINK B'FLY C/COVER W BOBBLES,78.17,12,7
CUBIC MUG FLOCK BLUE ON BROWN,78.09,131,21
RASPBERRY ANT COPPER FLOWER NECKLAC,77.91,13,8
CRYSTAL FROG PHONE CHARM,77.78999999999999,102,28
CLASSIC CROME BICYCLE BELL,77.4,60,2
PURPLE GLASS TASSLE BAG CHARM,77.03999999999999,42,14
36 PENCILS TUBE POSY,76.91,79,20
PINK KNITTED EGG COSY,76.69,147,29
POLYESTER FILLER PAD 65CMx65CM,76.5,18,6
SWEETHEART CARRY-ALL BASKET,76.44,6,6
NECKLACE+BRACELET SET BLUE HIBISCUS,76.38,27,16
BLACK VINT ART DEC CRYSTAL NECKLACE,76.32,9,6
DROP DIAMANTE EARRINGS CRYSTAL,76.23,26,14
PINK HEART RED HANDBAG,76.14,29,18
CLEAR MILKSHAKE GLASS,75.60000000000001,36,5
SET OF 36 SPACEBOY PAPER DOILIES,75.42,51,8
PARTY TIME DESIGN FLANNEL,75.35,86,25
PERIWINKLE T-LIGHT HOLDER,75.02,48,17
VINTAGE ENGRAVED HEART,75.0,60,4
Dotcomgiftshop Gift Voucher £10.00,74.97,9,8
ALUMINIUM HEART,74.7,30,6
"GREETING CARD, OVERCROWDED POOL.",74.7,270,53
PAPER LANTERN 9 POINT HOLLY STAR 23,74.7,18,5
PINK DAISY BAG CHARM,74.64,30,19
ORIGAMI OPIUM INCENSE/CANDLE SET,74.64,68,10
ASSORTED FARMYARD ANIMALS IN BUCKET,74.58,90,9
SET/6 POSIES PAPER CUPS,74.57000000000001,141,16
DIAMANTE HAIR GRIP PACK/2 CRYSTAL,74.53,45,27
"DECORATION HEN ON NEST, HANGING",74.42999999999999,42,6
LILY BROOCH AMETHYST COLOUR,74.25,15,8
NECKLACE+BRACELET PINK BUTTERFLY,73.95,29,10
DROP DIAMANTE EARRINGS PURPLE,73.53,25,14
SET OF 12 MINI BUNNIES IN A BUCKET,73.5,35,19
"LETTER ""C"" BLING KEY RING",72.77,91,33
PURPLE FRANGIPANI NECKLACE,72.66,29,16
EASTER BUNNY WITH BASKET ON BACK,72.63,108,20
WATERMELON BATH SPONGE,72.49,29,10
4 BURGUNDY WINE DINNER CANDLES,72.46,57,13
LUSH GREENS RIBBONS,72.42,56,15
SPOTTED WHITE NATURAL SEED NECKLACE,72.0,72,7
"FLOWER GLASS GARLAND NECKL.36""BLUE",71.4,9,5
SET OF 36 VINTAGE CHRISTMAS DOILIES,71.27,38,8
ORIGAMI VANILLA INCENSE CONES,71.19,155,8
DECROTIVEVINTAGE COFFEE GRINDER BOX,71.08,12,6
YELLOW POT PLANT CANDLE,71.05,23,9
"LETTER ""S"" BLING KEY RING",71.0,94,41
DIAMOND LAS VEGAS NECKLACE 45CM,70.97,12,8
CONGRATULATIONS BUNTING,70.85000000000001,13,3
"GREETING CARD, STICKY GORDON",70.78,245,53
STRIPY DESIGN SHOWER CAP,70.57,197,15
WAKE UP COCKEREL TILE HOOK,70.45,50,18
EAU DE NILE JEWELLED T-LIGHT HOLDER,70.27,79,11
CRACKED GLAZE NECKLACE RED,70.16,10,7
WRAP BAD HAIR DAY,70.0,700,22
CLEAR STATIONERY BOX SET,69.89999999999999,84,17
TURQUOISE BERTIE GLASS BEAD CHARM,69.85,77,7
ELVIS WALLHANGING / CURTAIN,69.84,52,8
ROUND PURPLE CLOCK WITH SUCKER,69.73,367,24
SET OF 36 DOLLY GIRL PAPER DOILIES,69.66,45,15
5 STRAND GLASS NECKLACE BLACK,69.63,11,6
CROCHET WHITE RABBIT KEYRING,69.38,38,7
SILVER BLACK ORBIT BRACELET,68.73,13,11
PINK METAL SWINGING BUNNY,68.69999999999999,78,10
SILVER/NATURAL SHELL NECKLACE,68.0,8,4
CHRISTMAS MUSICAL ZINC HEART,67.89999999999999,58,10
SILVER LARIAT BLACK STONE EARRINGS,67.87,16,10
"FOLK ART GREETING CARD,pack/12",67.85000000000001,23,9
MIDNIGHT BLUE COPPER FLOWER NECKLAC,67.83,11,7
RESIN NECKLACE W PASTEL BEADS,67.62,9,7
BLUE TRAVEL FIRST AID KIT,67.50999999999999,41,14
"BATHROOM SCALES, TROPICAL BEACH",67.5,18,12
YELLOW FELT HANGING HEART W FLOWER,67.39,87,29
SILVER DROP EARRINGS WITH FLOWER,67.36,18,14
NEW BAROQUE B'FLY NECKLACE RED,67.28,8,6
YELLOW BREAKFAST CUP AND SAUCER,67.13000000000001,55,18
BLUE DISCO HANDBAG,66.75999999999999,32,11
MURANO STYLE GLASS BRACELET BLACK,66.7,18,11
"ACRYLIC HANGING JEWEL,PINK",66.55,95,7
BEACH HUT MIRROR,66.39,49,8
ORIGAMI SANDLEWOOD INCENSE+FLOWER,66.36000000000001,81,7
QUEEN OF THE SKIES HOLIDAY PURSE,66.26,25,20
SET OF 3 CONEY ISLAND OVAL BOXES,66.12,13,8
SPACE CADET BLACK,65.49,53,19
"LETTER ""L"" BLING KEY RING",65.03999999999999,94,37
PACK/12 BLUE FOLKART CARDS,64.9,22,18
CRYSTAL HOOP EARRING FLORAL LEAF,64.58,22,15
BISCUIT TIN VINTAGE LEAF,64.56,24,3
PINK ENAMEL FLOWER HAIR TIE,64.46000000000001,22,11
DIAMANTE BOW BROOCH BLACK COLOUR,64.38,10,5
PURPLE ENAMEL FLOWER HAIR TIE,64.28,22,15
"FLOWER GLASS GARLD NECKL36""TURQUOIS",64.08,8,5
AMBER GLASS/SHELL/PEARL NECKLACE,64.04,7,7
16 PC CUTLERY SET PANTRY DESIGN,63.8,4,1
MONEY BOX FIRST ADE DESIGN,63.75,51,13
SILVER LATTICE VANILLA CANDLE POT,63.75,17,7
BLUE SQUARE COMPACT MIRROR,63.75,51,8
PINK FLY SWAT,63.720000000000006,92,43
BLACK GEMSTONE NECKLACE 45CM,63.480000000000004,5,5
"ACRYLIC JEWEL SNOWFLAKE, PINK",63.28000000000001,162,5
TURQ ICE CREAM BUM BAG,63.209999999999994,19,8
GREEN PENDANT TRIPLE SHELL NECKLACE,63.11,12,10
SAMPLES,63.05,2,2
CHRISTMAS CRAFT HEART STOCKING,63.0,30,1
METAL RABBIT LADDER EASTER,62.9,74,16
RED DAISY PAPER LAMPSHADE,62.5,50,6
SMALL HANGING GLASS+ZINC LANTERN,62.349999999999994,43,8
BLACK BIRD GARDEN DESIGN MUG,62.239999999999995,106,16
FAWN AND MUSHROOM GREETING CARD,62.06,128,19
ZINC HEART LATTICE CHARGER SMALL,61.95,21,8
CLEAR ACRYLIC FACETED BANGLE,61.56,41,7
CRYSTAL SEA HORSE PHONE CHARM,61.459999999999994,107,25
FLOWERS HANDBAG blue and orange,61.25,49,3
"WALL ART ,PUDDINGS",61.2,8,2
AMETHYST DROP EARRINGS W LONG BEADS,61.08,21,17
CD WALL TIDY RED FLOWERS,61.05,163,8
SET OF 72 GREEN PAPER DOILIES,60.9,42,18
HANGING RIDGE GLASS T-LIGHT HOLDER,60.84,36,2
WHITE VINTAGE CRYSTAL BRACELET,60.75,9,4
"LETTER ""K"" BLING KEY RING",60.699999999999996,78,38
ORIENTAL RED CUSHION COVER,60.45,13,4
CREAM CLIMBING HYDRANGA ART FLOWER,60.0,32,4
BILI NUT AND WOOD NECKLACE,59.89,50,7
GOLD DIAMANTE STAR BROOCH,59.800000000000004,12,9
"BREAD BIN, DINER STYLE, IVORY",59.8,4,1
"BREAD BIN, DINER STYLE, MINT",59.8,4,1
SET 10 CARDS DRESSING UP 17077,59.760000000000005,24,10
I LOVE LONDON WALL ART,59.400000000000006,12,2
RUSTIC STRAWBERRY JAMPOT SMALL,59.39999999999999,36,3
WAY OUT METAL SIGN,59.39999999999999,36,8
ENGLISH ROSE METAL WASTE BIN,59.0,20,11
GREEN ENAMEL FLOWER HAIR TIE,58.71,20,14
GARDEN PATH POCKET BOOK,58.65,69,21
PINK FOXGLOVE ARTIIFCIAL FLOWER,58.64999999999999,23,4
COLUMBIAN  CUBE CANDLE,58.62,105,11
SILVER/AMETHYST DROP EARRINGS LEAF,58.43,20,19
PINK ROUND COMPACT MIRROR,58.16,40,4
BLACK ORANGE SQUEEZER,57.96,138,21
TEATIME PEN CASE & PENS,57.8,68,14
GREY ACRYLIC FACETED BANGLE,57.55,34,10
RETRO PINK BALL ASHTRAY,57.5,46,13
TOP SECRET PEN SET,57.5,46,10
SET 4 NURSERY DES ROUND BOXES,57.25,55,9
"LETTER ""J"" BLING KEY RING",57.21,71,41
GREEN EASTER EGG HUNT START POST,56.779999999999994,28,11
5 STRAND GLASS NECKLACE AMETHYST,56.59,9,8
PINK/PURPLE CIRCLE CURTAIN,56.52,52,6
ROSE COLOUR PAIR HEART HAIR SLIDES,56.31,15,10
BLUE TABLE RUN FLOWER,56.25,45,11
GLASS AND PAINTED BEADS BRACELET TO,56.15,15,10
CRACKED GLAZE NECKLACE IVORY,55.72,8,4
CLASSICAL ROSE TABLE LAMP,55.7,6,2
FILIGREE DIAMANTE EARRINGS,55.02,13,9
BLACK SMALL GLASS CAKE STAND,54.99,61,12
SILVER M.O.P. ORBIT NECKLACE,54.800000000000004,11,6
RUBY GLASS CLUSTER EARRINGS,54.62,44,33
COLUMBIAN CUBE CANDLE,54.599999999999994,28,12
GOLD WASHBAG,54.57,27,10
MURANO STYLE GLASS BRACELET GOLD,54.42,15,10
CHRYSANTHEMUM POCKET BOOK,54.4,64,20
MURANO STYLE GLASS BRACELET RED,54.290000000000006,14,5
FAIRY CAKE NOTEBOOK A5 SIZE,54.04,55,12
BLACK CHERRY LIGHTS,54.0,8,1
BLUE TILED TRAY,54.0,8,4
SPACEBOY MINI RUCKSACK,53.95,13,4
"GREETING CARD, TWO SISTERS.",53.88,127,40
MIDNIGHT BLUE DROP CRYSTAL NECKLACE,53.760000000000005,11,5
"PEARL & SHELL 42""NECKL. GREEN",53.62,5,3
ZINC HEART LATTICE TRAY OVAL,53.550000000000004,9,7
LITTLE GREEN MONSTER SOFT TOY,53.55,21,11
GREEN FERN POCKET BOOK,53.55,63,22
TURQUOISE HEART OF GLASS BRACELET,53.42,9,5
JET BLACK LAS VEGAS NECKLACE 45CM,53.260000000000005,9,6
"LETTER ""E"" BLING KEY RING",53.199999999999996,72,30
BLUE ROSE PATCH PURSE PINK BUTTERFL,52.8,32,8
WHITE ROSEBUD & PEARL NECKLACE,52.72,7,5
2 DAISIES HAIR COMB,52.56,18,12
DIAMANTE NECKLACE PURPLE,52.5,7,4
BLUE CLIMBING HYDRANGA ART FLOWER,52.5,38,3
HELLO SAILOR BATHROOM SET,52.5,14,9
WHITE/PINK MINI CRYSTALS NECKLACE,52.42,10,7
TURQ PENDANT TRIPLE SHELL NECKLACE,52.31,10,8
LA PALMIERA TILE HOOK,52.25,48,14
COLOURFUL FLOWER FRUIT BOWL,52.2,17,12
DOORKNOB CERAMIC IVORY,52.199999999999996,36,1
RETO LEAVES MAGNETIC SHOPPING LIST,52.199999999999996,36,3
FRENCH CHATEAU SMALL FRUITBOWL,51.599999999999994,24,8
LARGE MINT DIAMANTE HAIRSLIDE,51.51,31,16
RETRO BROWN BALL ASHTRAY,51.25,41,5
VINTAGE PHOTO ALBUM PARIS DAYS,50.8,8,3
SET OF 4 GREEN CAROUSEL COASTERS,50.75,35,17
BLUE FELT HANGING HEART WITH FLOWER,50.57,75,30
S/3 POT POURI CUSHIONS BLUE COLOURS,50.400000000000006,24,2
SILVER BLACK ORBIT DROP EARRINGS,50.400000000000006,12,9
FUSCHIA VOILE POINTY SHOE DEC,50.31,97,15
PINK FEATHERS CURTAIN,50.28,52,3
"LETTER ""D"" BLING KEY RING",49.9,68,32
"LETTER ""M"" BLING KEY RING",49.82,60,28
PURPLE AMETHYST NECKLACE W TASSEL,49.81,5,5
SET 10 CARD KRAFT REINDEER 17084,49.800000000000004,20,14
VEGETABLE MAGNETIC  SHOPPING LIST,49.8,36,3
VINTAGE ENAMEL & CRYSTAL NECKLACE,49.760000000000005,10,4
CHERRY BLOSSOM PURSE,49.69,20,16
WHITE ENAMEL FLOWER HAIR TIE,49.65,17,10
MOP PENDANT SHELL NECKLACE,49.64,10,4
RIVIERA NECKLACE,49.59,10,5
CORDIAL JUG,49.5,6,2
CHRISTMAS TREE T-LIGHT HOLDER,49.3,34,7
SET/6 GREEN SPRING PAPER CUPS,48.99,233,25
PINK FLOWERS RABBIT EASTER,48.95,21,5
GLASS AND PAINTED BEADS BRACELET OL,48.77,13,8
BUTTONS AND STRIPES NOTEBOOK,48.75,13,7
FLOWER BURST SILVER RING CRYSTAL,48.71,13,9
CAKE SHOP  STICKER SHEET,48.449999999999996,57,8
SUNJAR LED NIGHT NIGHT LIGHT,48.39,3,2
LARGE CRYSTAL DIAMANTE HAIRSLIDE,48.209999999999994,29,15
PURPLE DRESS JEWELLERY STAND,48.19,61,3
AQUA BERTIE GLASS BEAD BAG CHARM,48.06,30,12
DAISY HAIR COMB,47.839999999999996,19,11
FLOWER GARLAND NECKLACE RED,47.7,6,4
"WALL ART , LOVES' SECRET",47.6,8,2
WHITE ROSEBUD  PEARL EARRINGS,47.43,19,18
LOVE POTION MASALA INCENSE,47.25,225,8
YELLOW/BLUE RETRO RADIO,47.2,16,7
RED PEONY TABLE CLOCK,47.2,16,10
SET OF 6 ICE CREAM SKITTLES,47.2,16,3
BLUE MONTE CARLO HANDBAG,46.8,24,1
PINK SMALL GLASS CAKE STAND,46.8,24,1
SILVER/CRYSTAL DROP EARRINGS W LEAF,46.76,16,10
RED POLKADOT PUDDING BOWL,46.39,34,7
WHITE WIRE PLANT POT HOLDER,46.24,16,2
WHITE HYDRANGEA ART FLOWER,46.2,22,3
PAPER LANTERN 5 POINT STUDDED STAR,46.0,8,4
ROMANTIC IMAGES SCRAP BOOK SET,45.9,16,7
BLACK DROP CRYSTAL NECKLACE,45.35000000000001,13,3
BLACK VINTAGE  CRYSTAL EARRINGS,45.0,12,7
SET 6 CARDS SPARKLY REINDEER 17262,44.910000000000004,9,4
IVORY PENDANT TRIPLE SHELL NECKLACE,44.86,9,5
FROG SOCK PUPPET,44.25000000000001,15,8
VIP HOLIDAY PURSE,44.04,14,11
BLUE FLOWER DES PURSE,43.66,44,6
"RETRO PILL BOX KEY CHAIN,THE KING",43.65,235,14
CHUNKY CRACKED GLAZE NECKLACE IVORY,43.510000000000005,4,4
LITTLE PINK MONSTER SOFT TOY,43.349999999999994,17,8
BLUE CHENILLE SHAGGY CUSHION COVER,43.15,43,12
PINK BREAKFAST CUP AND SAUCER,43.050000000000004,23,9
T-LIGHT HOLDER SILVER SAUCER,42.919999999999995,44,8
KNITTED RABBIT DOLL,42.9,26,2
WRAP SUMMER ROSE DESIGN,42.84,102,5
GOLD TEDDY BEAR,42.7,15,5
TRANSPARENT ACRYLIC TAPE DISPENSER,42.58,40,17
PINK BUTTERFLY WASHBAG,42.29,9,6
NEW BAROQUE SMALL NECKLACE BLACK,42.14,5,4
NEW BAROQUE B'FLY NECKLACE CRYSTAL,42.13,5,4
TRANQUILITY MASALA INCENSE,42.0,200,7
WRAP  VINTAGE DOILEY,42.0,100,2
"WRAP, CAROUSEL",42.0,100,4
WHITE MURANO TWIST BRACELET,41.790000000000006,10,5
ECONOMY HOLIDAY PURSE,41.53,30,17
PAPER LANTERN 5 POINT STAR MOON 30,41.5,10,5
FAN BLACK FRAME,41.47,143,12
DIAMANTE HAIR GRIP PACK/2 PERIDOT,41.449999999999996,25,19
DIAMANTE HAIR GRIP PACK/2 RUBY,41.37,25,15
FIRE POLISHED GLASS BRACELET MONTAN,41.31,11,6
CANDY SPOT BUNNY,41.300000000000004,14,5
ANT SILVER FUSCHIA BOUDICCA RING,41.300000000000004,14,7
CREAM AND PINK FLOWERS PONY,41.25,11,5
CREAM BUNNY EASTER EGG BASKET,41.24999999999999,25,3
"STRING OF 8 BUTTERFLIES,PINK",41.24999999999999,25,6
PINK VINTAGE VICTORIAN EARRINGS,41.150000000000006,14,7
DROP DIAMANTE EARRINGS GREEN,41.080000000000005,14,9
DROP DIAMANTE EARRINGS BLACK DIAMON,41.010000000000005,14,7
BLACK 3 BEAD DROP EARRINGS,40.96,14,9
GREEN STONE/CRYSTAL EARRINGS,40.95,14,13
CLASSIC DIAMANTE EARRINGS JET,40.900000000000006,14,9
MINITURE ANTIQUE ROSE HOOK IVORY,40.8,48,4
DOGGY RUBBER,40.53,193,29
CD WALL TIDY BLUE OFFICE,40.379999999999995,103,8
"LETTER ""G"" BLING KEY RING",40.199999999999996,60,30
ROUND BLUE CLOCK WITH SUCKER,40.09,211,12
CANDY SPOT TEA COSY,40.05,27,2
GREEN DROP EARRINGS W BEAD CLUSTER,40.03,12,8
PINK ROSEBUD PEARL EARRINGS,39.98,16,15
PINK CLEAR GLASS CANDLE PLATE,39.92,30,5
ROCOCO WALL MIROR,39.9,2,1
ORANGE/WHT/FUSCHIA STONES NECKLACE,39.660000000000004,8,2
FREESTYLE CANVAS ART PICTURE,39.65,41,18
CHILDRENS SPACEBOY MUG,39.599999999999994,24,2
PINK DOG CANNISTER,39.3,14,4
SET/4 BUTTERFLY MIRROR MAGNETS,39.199999999999996,79,13
MULTICOLOUR EASTER RABBIT,39.0,20,4
FUSCHIA TABLE RUN FLOWER,38.75,27,5
WHITE VINTAGE CRYSTAL EARRINGS,38.7,10,6
BLACK MEDIUM GLASS CAKE STAND,38.69,19,8
BLUE POLKADOT PUDDING BOWL,38.67,29,7
ASSORTED COLOUR SUCTION CUP HOOK,38.38,202,13
PINK EASTER HENS+FLOWER,38.31,14,9
LA PALMIERA WALL THERMOMETER,38.25,15,10
NEW BAROQUE BLACK BOXES,38.25,3,3
GOLD/AMBER DROP EARRINGS W LEAF,38.18,13,7
FLAG OF ST GEORGE,37.95,23,7
PINK CHRYSANTHEMUMS ART FLOWER,37.800000000000004,18,1
MONTANA DIAMOND CLUSTER NECKLACE,37.66,4,3
5 STRAND GLASS NECKLACE AMBER,37.620000000000005,6,6
JET BLACK LAS VEGAS BRACELET ROUND,37.62,10,8
PAPER LANTERN 9 POINT HOLLY STAR 40,37.5,6,3
IVORY SCULPTED RND CANDLE,37.4,44,7
BLACK DIAMOND CLUSTER NECKLACE,37.239999999999995,4,3
HOT WATER BOTTLE BABUSHKA LARGE,37.2,8,1
MONEY BOX FIRST AID DESIGN,36.78,44,11
"LETTER ""H"" BLING KEY RING",36.76,48,30
PINK PARTY SUNGLASSES,36.76,20,12
CRYSTAL STILETTO PHONE CHARM,36.76,34,10
SQUARE METAL CANDLEHOLDER BASE,36.519999999999996,52,8
WHITE/PINK CHICK EASTER DECORATION,36.33,37,10
CROCHET BEAR RED/BLUE  KEYRING,36.3,22,4
VANILLA INCENSE 40 CONES IN TIN,36.25,29,12
HEN HOUSE W FAMILY IN BARN & NEST,36.21,51,10
ASSORTED CAKES FRIDGE MAGNETS,35.75,55,8
NECKLACE+BRACELET SET FRUIT SALAD,35.699999999999996,14,13
BLACK FINE BEAD NECKLACE W TASSEL,35.44,6,6
"RETRO PILL BOX , REVOLUTIONARY",35.33,190,11
WHITE HEART OF GLASS BRACELET,35.31,6,5
AMBER FINE BEAD NECKLACE W TASSEL,35.31,6,5
BLACK CRYSTAL DROP EARRINGS,35.27,12,7
FIRE POLISHED GLASS NECKL GREEN,35.160000000000004,6,6
AMETHYST HOOP EARRING FLORAL LEAF,35.11,12,9
PINK/AMETHYST/GOLD NECKLACE,34.870000000000005,5,2
LEAVES MAGNETIC  SHOPPING LIST,34.8,24,2
IVORY GOLD METAL BAG CHARM,34.77,5,3
DIAMANTE HAIR GRIP PACK/2 LT ROSE,34.69,21,14
GOLD APERITIF GLASS,34.32,88,2
FLOWER BLUE CLOCK WITH SUCKER,33.93,117,8
FUNKY FLOWER PICNIC BAG FOR 4,33.9,2,2
GLASS BEAD HOOP NECKLACE GREEN,33.82,4,3
NEW BAROQUE B'FLY NECKLACE GREEN,33.81,4,3
BLUE STONES ON WIRE FOR CANDLE,33.75,404,17
GLASS AND BEADS BRACELET IVORY,33.69,9,4
BLACK SIL'T SQU CANDLE PLATE,33.6,16,2
AMBER GLASS TASSLE BAG CHARM,33.440000000000005,14,7
DOLLY GIRL MINI RUCKSACK,33.2,8,2
WHITE WITH BLACK CATS PLATE,33.18,78,3
WHITE CHRISTMAS FLOCK DROPLET,32.51,25,2
HARDMAN MUG 3 ASSORTED,32.42,65,13
FLOWER FAIRY INCENSE BOUQUET,32.349999999999994,61,5
DANISH ROSE UMBRELLA STAND,31.9,2,2
"FLOWER GLASS GARLAND NECKL.36""GREEN",31.8,4,2
SET/9 CHRISTMAS T-LIGHTS SCENTED,31.25,25,7
SET 12 COLOUR PENCILS DOILEY,31.200000000000003,48,3
SET 10 CARDS CHEERFUL ROBIN 17065,31.200000000000003,15,10
BAKING MOULD CHOCOLATE CUP CAKES,30.599999999999998,12,2
YULETIDE IMAGES S/6 PAPER BOXES,30.599999999999998,12,7
CANNABIS LEAF BEAD CURTAIN,30.599999999999998,36,2
BAKING MOULD CUPCAKE CHOCOLATE,30.599999999999998,12,1
MULTICOLOUR POLKADOT PLATE,30.43,29,3
DIAMANTE NECKLACE BLACK,30.12,4,3
ENAMEL JUG PANTRY,30.0,8,2
BIRTHDAY BANNER TAPE,30.0,24,1
BUTTERFLY CUSHION COVER,30.0,8,2
ENAMEL BOWL PANTRY,30.0,24,2
BLACK CHRISTMAS FLOCK DROPLET,30.0,24,1
GIFT BAG LARGE 50'S CHRISTMAS,30.0,24,2
BLACK GEMSTONE BRACELET,29.98,4,4
DIAMANTE NECKLACE GREEN,29.98,4,3
FIRE POLISHED GLASS BRACELET RED,29.96,8,3
CAPIZ CHANDELIER,29.95,1,1
JADE CRYSTAL+GLASS BRACELET,29.93,6,6
GLASS CAKE COVER AND PLATE,29.9,2,1
SILVER/BLACK ORBIT NECKLACE,29.849999999999998,3,2
PALE PINK/AMETHYST STONE NECKLACE,29.849999999999998,3,2
COTE D'AZURE NECKLACE,29.790000000000003,6,5
ANTIQUE OLIVE GREEN FLOWER EARRINGS,29.73,7,5
PINK MURANO TWIST BRACELET,29.73,7,3
LIGHTHOUSE PRINTED METAL SIGN,29.700000000000003,6,3
"WALL ART,ONLY ONE PERSON",29.700000000000003,6,1
MODERN VINTAGE COTTON SHOPPING BAG,29.7,22,8
PINK FLOCK GLASS CANDLEHOLDER,29.68,38,5
"ACRYLIC JEWEL ANGEL,PINK",29.64,78,2
"LETTER ""I"" BLING KEY RING",29.619999999999997,38,13
CHERRY BLOSSOM TABLE CLOCK,29.599999999999998,8,4
ANT SILVER PURPLE BOUDICCA RING,29.500000000000004,10,5
15 PINK FLUFFY CHICKS IN BOX,29.5,10,7
OLD DOC RUSSEL METAL SIGN,29.400000000000002,14,3
FRENCH CHATEAU OVAL PLATTER,29.25,15,6
"LETTER ""N"" BLING KEY RING",29.23,41,24
GLOW IN DARK DOLPHINS,29.19,139,31
BLACK DROP EARRINGS W LONG BEADS,29.049999999999997,10,10
GLITTER SNOW PEAR TREE DECORATION,28.999999999999996,20,3
SILVER/NAT SHELL NECKLACE W PENDANT,28.76,5,5
WHITE ALLIUM  ARTIFICIAL FLOWER,28.73,17,4
CLEAR CRYSTAL STAR PHONE CHARM,28.569999999999997,52,10
GLASS BEAD HOOP EARRINGS AMETHYST,28.4,9,6
ASS COL LARGE SAND FROG P'WEIGHT,28.35,27,7
PACK OF 12 DOILEY TISSUES,28.08,72,2
PURPLE FOXGLOVE ARTIIFCIAL FLOWER,28.049999999999997,11,3
JADE GREEN ENAMEL HAIR COMB,28.02,14,10
"LETTER ""R"" BLING KEY RING",28.009999999999998,41,25
PINK NEW BAROQUE FLOCK CANDLESTICK,27.900000000000002,6,3
SET 10 CARDS OUT OF ORDER 17216,27.39,11,9
SET 10 XMAS CARDS & BADGES 17070,27.39,11,6
ASSORTED COLOURED CIRCLE MOBILE,27.3,65,7
LARGE ROUND CUTGLASS CANDLESTICK,27.14,2,1
ENVELOPE 50 CURIOUS IMAGES,27.02,50,10
High Resolution Image,27.0,4,3
PINK CHERRY LIGHTS,27.0,4,1
DUSTY PINK CHRISTMAS TREE 60CM,26.550000000000004,9,2
FROG KING WATERING CAN,26.55,9,2
DIAMANTE HAIR GRIP PACK/2 BLACK DIA,26.52,16,10
GINGHAM OVEN GLOVE RED HEART,26.490000000000002,5,3
BEST DAD CANDLE LETTERS,26.349999999999998,31,8
PURPLE LAS VEGAS BRACELET ROUND,26.25,7,3
SET 10 CARDS WISHING TREE 17116,26.19,9,7
BLUE FELT HANGING HEART W FLOWER,26.11,16,2
BLUE EASTER EGG HUNT START POST,25.81,11,6
GLASS BEAD HOOP NECKLACE AMETHYST,25.5,3,3
SET OF 16 VINTAGE IVORY CUTLERY,25.5,2,2
GLASS BEAD HOOP NECKLACE MONTANA,25.32,3,3
TINY CRYSTAL BRACELET GREEN,25.279999999999998,10,5
PURPLE VINTAGE EARRINGS,25.17,6,3
DROP EARRINGS W FLOWER & LEAF,25.13,10,7
IVORY SHELL HEART EARRINGS,25.07,10,9
IVORY PANTRY HANGING LAMP,25.0,2,1
LADLE LOVE HEART PINK,24.98,39,13
SILVER/BLACK PENDANT ORBIT NECKLACE,24.96,3,3
BELL HEART ANTIQUE GOLD,24.96,12,1
SET 10 CARDS PERFECT POST 17090,24.900000000000002,10,7
SET OF 4 KNICK KNACK TINS  DOILEY,24.900000000000002,6,1
S/4 BLACK DISCO PARTITION PANEL,24.869999999999997,3,1
COPPER AND BRASS BAG CHARM,24.810000000000002,4,2
DIAMANTE HAIR GRIP PACK/2 MONTANA,24.79,15,10
"LETTER ""B"" BLING KEY RING",24.77,37,22
GARDEN PATH NOTEBOOK,24.75,15,8
GIRLY PINK TOOL SET,24.75,5,1
SILVER LOOKING MIRROR,24.75,5,2
ORANGE PENDANT TRIPLE SHELL NECKLAC,24.75,5,2
75 BLACK PETIT FOUR CASES,24.36,58,18
MONTANA DIAMOND CLUSTER EARRINGS,24.119999999999997,9,4
SET/3 FLORAL GARDEN TOOLS IN BAG,23.85,3,2
PINK/WHITE RIBBED MELAMINE JUG,23.85,3,3
TOAST ITS - DINOSAUR,23.75,19,10
WHITE BIRD GARDEN DESIGN MUG,23.63,7,2
RABBIT EASTER DECORATION,23.6,8,3
CRYSTAL CZECH CROSS PHONE CHARM,23.47,25,9
CANNISTER VINTAGE LEAF DESIGN,23.4,12,2
"GARLAND, MAGIC GARDEN 1.8M",23.4,12,1
DIAMANTE NECKLACE,23.32,3,2
SET 10 CARD CHRISTMAS WELCOME 17112,23.28,8,6
AMBER 3 BEAD DROP EARRINGS,23.2,8,8
PURPLE FRANGIPANI HAIRCLIP,23.16,28,12
STORAGE TIN VINTAGE DOILEY,23.13,7,2
ZINC PLANT POT HOLDER,23.12,8,1
HANGING HEART BASKET,23.1,11,3
PINK FELT EASTER EGG BASKET,23.099999999999998,14,4
DOTCOMGIFTSHOP TEA TOWEL,23.089999999999996,13,2
"LETTER ""Y"" BLING KEY RING",22.839999999999996,66,8
ZINC T-LIGHT HOLDER STARS LARGE,22.799999999999997,24,2
CRACKED GLAZE EARRINGS RED,22.58,9,9
FIRE POLISHED GLASS BRACELET BLACK,22.48,6,6
CLASSIC DIAMANTE NECKLACE JET,22.48,3,2
SET 10 CHRISTMAS CARDS HOHOHO 16956,22.410000000000004,9,4
SET 10 CARDS SCOTTIE DOG 17211,22.410000000000004,9,8
BIRD BOX CHRISTMAS TREE DECORATION,22.06,24,6
"PEARL & SHELL 42""NECKL. IVORY",21.5,2,1
BIRD ON BRANCH CANVAS SCREEN,21.45,11,1
CROCHET DOG KEYRING,21.449999999999996,13,2
FLORAL BLUE MONSTER,21.25,5,4
ANTIQUE MID BLUE FLOWER EARRINGS,21.15,5,3
ANTIQUE OPAL WHITE FLOWER EARRINGS,21.130000000000003,5,5
AMBER BERTIE GLASS BEAD BAG CHARM,21.05,11,10
WRAP A PRETTY THANK YOU,21.0,50,2
WRAP GREEN RUSSIAN FOLKART,21.0,50,2
KEEP CALM BIRTHDAY WRAP,21.0,50,2
ANTIQUE RASPBERRY FLOWER EARRINGS,20.950000000000003,5,4
HEAVENS SCENT FRAGRANCE OILS ASSTD,20.88,72,1
WOODLAND MINI RUCKSACK,20.75,5,2
ROSE PENDANT TRIPLE SHELL NECKLACE,20.36,4,2
"LETTER ""P"" BLING KEY RING",20.229999999999997,39,16
WHITE SILVER NECKLACE SHELL GLASS,20.17,2,2
BLUE FLOCK CUSHION COVER,20.0,8,3
SET 10 CARDS JINGLE BELLS 17217,19.92,8,7
SET 10 CARDS SNOWY SNOWDROPS  17100,19.92,8,4
SET 10 CARDS JINGLE BELLS 16957,19.92,8,5
GIANT MEDINA STAMPED METAL BOWL,19.9,2,2
"CAKESTAND, 3 TIER, LOVEHEART",19.9,2,1
YELLOW/PINK CERAMIC CANDLE HOLDER,19.81,6,4
RESIN BRACELET W PASTEL BEADS,19.8,4,3
ENAMEL DINNER PLATE PANTRY,19.799999999999997,12,1
DOORKNOB CRACKED GLAZE GREEN,19.799999999999997,12,2
DOORKNOB CRACKED GLAZE PINK,19.799999999999997,12,2
PINK SMALL JEWELLED PHOTOFRAME,19.799999999999997,12,9
YELLOW/ORANGE FLOWER DESIGN PLATE,19.72,68,2
FRENCH CHATEAU LARGE FRUIT BOWL,19.5,10,4
"RETRO TIN ASHTRAY,REVOLUTIONARY",19.4,52,4
WHITE BEADED GARLAND STRING 20LIGHT,19.049999999999997,3,2
CRYSTAL CHANDELIER T-LIGHT HOLDER,18.75,3,1
CLAM SHELL LARGE,18.75,5,4
DAIRY MAID  PUDDING BOWL,18.75,5,2
PURPLE/COPPER HANGING LAMPSHADE,18.7,22,8
SMALL TAHITI BEACH BAG,18.6,4,1
PEARL AND CHERRY QUARTZ BRACLET,18.27,5,4
BLACK FEATHER CHRISTMAS DECORATION,18.240000000000002,96,7
CUPID SCENTED CANDLE IN GLASS,18.15,11,4
FIRE POLISHED GLASS NECKL BRONZE,17.85,3,3
VINTAGE GLASS TEA CADDY,17.85,3,3
LARGE TAHITI BEACH BAG,17.82,2,2
LADLE LOVE HEART RED,17.82,24,9
ROUND CACTUS CANDLE,17.700000000000003,6,4
ANT SILVER TURQUOISE BOUDICCA RING,17.700000000000003,6,1
GLASS BEAD HOOP EARRINGS BLACK,17.66,6,3
PURPLE FINE BEAD NECKLACE W TASSEL,17.59,3,3
MIDNIGHT BLUE CRYSTAL DROP EARRINGS,17.509999999999998,6,6
WHITE STONE/CRYSTAL EARRINGS,17.5,6,6
PINK/WHITE CHRISTMAS TREE 30CM,17.48,46,2
SET 10 CARDS XMAS GRAPHIC  17218,17.43,7,2
JAM JAR WITH BLUE LID,17.28,24,1
PINK/GREEN FLOWER DESIGN BIG MUG,17.16,40,16
GLASS BELL JAR LARGE,17.0,2,1
HOLLY TOP CHRISTMAS STOCKING,17.0,20,7
ENGLISH ROSE SCENTED HANGING HEART,17.0,4,2
MINT DINER CLOCK,17.0,2,1
VINTAGE BEAD PINK JEWEL BOX,17.0,4,3
GLASS BEAD HOOP NECKLACE BLACK,17.0,2,1
*Boombox Ipod Classic,16.98,1,1
Dad's Cab Electronic Meter,16.94,2,2
*USB Office Mirror Ball,16.94,2,2
NEW BAROQUE B'FLY NECKLACE PINK,16.82,2,2
NEW BAROQUE B'FLY NECKLACE MONTANA,16.810000000000002,2,2
PINK POODLE HANGING DECORATION,16.8,5,2
BLUE/YELLOW FLOWER DESIGN BIG MUG,16.77,31,12
SET 10 CARDS CHRISTMAS TREE 16955,16.65,5,5
HAYNES CAMPER SHOULDER BAG,16.63,1,1
PINK COMBO MINI CRYSTALS NECKLACE,16.310000000000002,3,3
VINTAGE BEAD PINK SHADE,16.25,13,2
PLAYING CARDS VINTAGE DOILEY,16.25,13,2
BLUE HOLE PUNCH,16.25,13,7
PINK CRYSTAL SKULL PHONE CHARM,16.22,32,9
"LETTER ""V"" BLING KEY RING",15.979999999999999,26,14
3 WICK CHRISTMAS BRIAR CANDLE,15.97,3,2
BLUE SHARK HELICOPTER,15.9,2,2
OCEAN STRIPE HAMMOCK,15.9,2,1
GLASS BELL JAR SMALL,15.8,4,1
OOH LA LA DOGS COLLAR,15.79,1,1
BLUE NETTING STORAGE HANGER,15.6,8,6
GOLD FLOWER CUSHION COVER,15.6,8,2
"LETTER ""F"" BLING KEY RING",15.429999999999998,27,15
BAKING MOULD TOFFEE CUP  CHOCOLATE,15.299999999999999,6,1
FLOWER FAIRY 5 SUMMER DRAW LINERS,15.299999999999999,6,1
"ACRYLIC JEWEL SNOWFLAKE,PINK",15.299999999999999,6,1
LIGHT TOPAZ TEAL/AQUA COL NECKLACE,15.16,3,3
LILAC VOTIVE CANDLE,15.120000000000001,72,3
PINK SWEETIE NECKLACE,15.120000000000001,2,2
PINK CHRISTMAS FLOCK DROPLET,15.02,10,3
SILVER 2 STRAND NECKLACE-LEAF CHARM,15.0,2,2
PINK FLOCK SUEDE CUSHION COVER,15.0,12,2
PINK FLOCK PHOTO FRAME,15.0,12,1
SET OF 6 EASTER RAINBOW CHICKS,15.0,12,1
ENAMEL MUG PANTRY,15.0,12,1
PINK/WHITE GLASS DEMI CHOKER,15.0,2,1
ROSE FLOWER CANDLE+INCENSE 16X16CM,15.0,4,2
3 PINK HEN+CHICKS IN BASKET,15.0,12,6
PAINTED HEART WREATH WITH BELL,15.0,12,1
RUBY GLASS CLUSTER NECKLACE,15.0,2,1
BAROQUE BUTTERFLY EARRINGS CRYSTAL,14.96,4,4
SET 10 CARDS DAVID'S MADONNA 17074,14.940000000000001,6,4
FOLDING MIRROR RED,14.939999999999998,18,2
FOLDING MIRROR IVORY,14.939999999999998,18,2
WHITE WITH METAL BAG CHARM,14.850000000000001,3,1
CURIOUS IMAGES SCRAP BOOK SET,14.850000000000001,3,1
GREEN WITH METAL BAG CHARM,14.850000000000001,3,1
CROCHET ROSE DES CLOTHES HANGER,14.750000000000002,5,1
SET 10 CARDS XMAS CHOIR 17068,14.55,5,5
AMETHYST 3 BEAD DROP EARRINGS,14.5,5,5
PASTEL BLUE PHOTO ALBUM,14.5,29,2
GLASS BEAD HOOP EARRINGS GREEN,14.5,5,5
YELLOW/PINK FLOWER DESIGN BIG MUG,14.43,33,14
CAROUSEL PONIES BABY BIB,14.37,33,12
CRACKED GLAZE NECKLACE BROWN,14.14,2,2
BLUE CHECK BAG W HANDLE 34X20CM,14.11,17,5
ANTIQUE SILVER BOOK MARK WITH BEADS,14.11,17,3
"WALL ART , THE MAGIC FOREST",13.9,2,1
LIGHT PINK FLOCK GLASS CANDLEHOLDER,13.680000000000003,36,3
GREEN/BLUE FLOWER DESIGN BIG MUG,13.65,23,8
ENVELOPE 50 ROMANTIC IMAGES,13.58,16,8
BLACK VINT ART DEC CRYSTAL BRACELET,13.5,2,2
"LETTER ""T"" BLING KEY RING",13.459999999999999,24,11
PINK HANGING GINGHAM EASTER HEN,13.44,32,5
BLUE HANGING GINGHAM EASTER HEN,13.44,32,5
SILVER AND BLACK ORBIT NECKLACE,13.350000000000001,2,2
SET 10 CARDS MAGICAL TREE 17086,13.32,4,4
SET 10 CARDS HATS & STOCKINGS 17081,13.28,8,7
CHRISTMAS TABLE CANDLE SILVER SPIKE,13.28,16,1
72 CAKE CASES VINTAGE CHRISTMAS,13.200000000000001,24,1
GREEN/BLUE CERAMIC CANDLE HOLDER,13.2,8,1
WISE MAN STAR SHAPE EGG PAN,13.14,24,6
"PET MUG, GOLDFISH",13.1,36,12
THE KING GIFT BAG,13.0,20,8
WINE BOTTLE DRESSING DARK BLUE,12.969999999999999,52,12
PINK TALL PORCELAIN T-LIGHT HOLDER,12.75,5,4
CAMOUFLAGE DOG COLLAR,12.72,1,1
POTTING SHED SOW 'N' GROW SET,12.72,2,2
FRESHWATER PEARL BRACELET IVORY,12.7,5,5
CRACKED GLAZE EARRINGS BROWN,12.53,5,5
TINY CRYSTAL BRACELET BLUE,12.52,5,5
BLUE TEATIME PRINT BOWL,12.5,10,2
MARIE ANTOIENETT TRINKET BOX GOLD,12.5,1,1
FILIGREE DIAMANTE CHAIN,12.48,1,1
SET 10 CARDS CHRISTMAS HOLLY  17259,12.48,3,3
SET 10 CARD SNOWMAN 16965,12.450000000000001,5,4
ASS COL SMALL SAND GECKO P'WEIGHT,12.18,29,9
FLAG OF ST GEORGE CAR FLAG,12.16,27,2
LASER CUT MULTI STRAND NECKLACE,11.95,1,1
PURPLE CHUNKY GLASS+BEAD NECKLACE,11.95,1,1
PINK BAROQUE FLOCK CANDLE HOLDER,11.9,2,1
BLUE GINGHAM ROSE CUSHION COVER,11.9,2,1
BLUE WHITE PLASTIC RINGS LAMPSHADE,11.899999999999999,14,5
"LETTER ""Z"" BLING KEY RING",11.84,22,10
BLUE BREAKFAST CUP AND SAUCER,11.8,4,3
"ACRYLIC JEWEL ICICLE, BLUE",11.780000000000001,31,3
THE KING GIFT BAG 25x24x12cm,11.76,28,8
POP ART PUSH DOWN RUBBER,11.759999999999998,98,2
SET 10 CARDS 12 DAYS OF XMAS 17059,11.64,4,1
SET 10 CARDS RUDOLPHS NOSE 17097,11.64,4,3
SET/4 GARDEN ROSE DINNER CANDLE,11.549999999999999,7,3
SMALL SINGLE FLAME CANDLE HOLDER,11.549999999999999,33,6
BLUE/GREEN SHELL NECKLACE W PENDANT,11.46,2,2
"FOOD COVER WITH BEADS , SET 2 SIZES",11.25,3,1
BAROQUE BUTTERFLY EARRINGS PINK,11.19,3,3
YELLOW PINK FLOWER DESIGN BIG BOWL,10.92,28,3
"S/4 ICON COASTER,ELVIS LIVES",10.61,25,9
WRAP  PINK FLOCK,10.5,25,1
WRAP BLUE RUSSIAN FOLKART,10.5,25,1
FOLKART CHRISTMAS TREE T-LIGHT HOLD,10.260000000000002,27,2
BLUE ORGANDY ROUND LAMPSHADE W BEA,10.2,12,4
FOLKART ZINC STAR CHRISTMAS DEC,10.2,12,3
PINK BOUDOIR T-LIGHT HOLDER,10.2,12,1
LILAC GAUZE BUTTERFLY LAMPSHADE,10.08,24,6
ZINC STAR T-LIGHT HOLDER,10.0,8,1
CRACKED GLAZE EARRINGS IVORY,9.99,4,4
SET 10 CARDS POINSETTIA 17093,9.96,4,2
SET 10 CARDS FILIGREE BAUBLE 16961,9.96,4,4
SET 10 CARDS PRINTED GRAPHIC 17219,9.96,4,4
SET 10 CARD PERFECT NATIVITY 17089,9.96,4,4
SET/4 2 TONE EGG SHAPE MIXING BOWLS,9.95,1,1
S/2 BEACH HUT TREASURE CHESTS,9.95,3,2
BOXED GLASS ASHTRAY,9.94,4,4
PURPLE/BLUE CERAMIC CANDLE HOLDER,9.879999999999999,4,2
LILAC FEATHERS CURTAIN,9.48,12,1
HAND PAINTED HANGING EASTER EGG,9.24,22,3
ENAMEL BLUE RIM TEA CONTAINER,9.18,8,3
BLACK GLASS/SHELL/PEARL NECKLACE,9.15,1,1
ORANGE FLOWER MUG,9.06,10,2
RED ROSE AND LACE C/COVER,8.850000000000001,3,1
FOLDING SHOE TIDY,8.850000000000001,3,2
VINTAGE NOTEBOOK BEAUTY GIRL,8.850000000000001,3,2
BLACK DIAMOND CLUSTER EARRINGS,8.82,3,3
GLASS BEAD HOOP EARRINGS MONTANA,8.76,3,3
AMBER CRYSTAL DROP EARRINGS,8.76,3,3
PURPLE CRYSTAL DROP EARRINGS,8.76,3,3
RED PURSE WITH PINK HEART,8.75,7,2
RED STONE/CRYSTAL EARRINGS,8.7,3,3
CUTE BIRD CEATURE SCREEN,8.58,22,2
WHITE FRANGIPANI HAIR CLIP,8.5,10,1
M/COLOUR POM-POM CURTAIN,8.5,2,1
BEADED LOVE HEART JEWELLERY SET,8.5,10,1
COUNTRY COTTAGE  DOORSTOP GREEN,8.47,1,1
OCEAN SCENT CANDLE JEWELLED DRAWER,8.47,1,1
HEART SHAPED MIRROR,8.45,5,2
OPULENT VELVET SET/3 CANDLES,8.42,2,1
Dr. Jam's Arouzer Stress Ball,8.34,2,2
SET 10 MINICARDS CUTE SNOWMAN 17071,8.299999999999999,5,2
PSYCHEDELIC METAL SIGN CALENDAR,7.9,10,3
MAXWELL 2 TONE BLUE 60 PAGE PHOTO A,7.85,7,2
PINK FLUFFY CHRISTMAS DECORATION,7.82,26,2
HANGING BUTTERFLY  EGG,7.6499999999999995,9,3
FRESHWATER PEARL BRACELET GOLD,7.6499999999999995,3,2
SILICON STAR BULB  BLUE,7.56,18,8
BLACK PHOTO ALBUM,7.5,15,3
EIGHT PIECE CREEPY CRAWLIE SET,7.5,6,3
"RUBY GLASS NECKLACE 42""",7.5,1,1
BAROQUE BUTTERFLY EARRINGS BLACK,7.5,2,2
PINK CHERRY BLOSSOM CUP & SAUCER,7.5,6,1
SET 10 CARDS WORLD CHILDREN 17067,7.470000000000001,3,3
BLUE STRIPES SHOULDER BAG,7.469999999999999,9,3
PINK LEAVES AND BEADS PHONE CHARM,7.43,3,2
A4 WALL TIDY RED FLOWERS,7.37,13,4
JARDIN ETCHED GLASS BUTTER DISH,7.25,1,1
ARMY CAMO BOOKCOVER TAPE,7.14,17,4
"LETTER ""W"" BLING KEY RING",6.819999999999999,16,5
"LETTER ""O"" BLING KEY RING",6.819999999999999,16,5
RASTA IN BATH W SPLIFF ASHTRAY,6.8,8,6
PURPLE ANEMONE ARTIFICIAL FLOWER,6.76,4,1
WHITE DOVE HONEYCOMB PAPER GARLAND,6.72,2,1
SPOTS ON RED BOOKCOVER TAPE,6.72,16,5
4 GOLD FLOCK CHRISTMAS BALLS,6.72,2,1
ELEPHANT CLIP W SUCTION CUP,6.72,16,4
SET 10 MINI SANTA & SNOWMAN  17087,6.64,4,2
BLUE/YELLOW CERAMIC CANDLE HOLDER,6.6,4,1
LARGE BLACK DIAMANTE HAIRSLIDE,6.6,4,1
AMBER BERTIE MOBILE PHONE CHARM,6.58,2,1
ASSORTED COLOUR SILK GLASSES CASE,6.300000000000001,3,1
PINK GAUZE BUTTERFLY LAMPSHADE,6.3,15,4
TURQUOISE CHRISTMAS TREE,6.25,5,4
BLING KEY RING STAND,6.25,6,3
"POCKET MIRROR ""GLAMOROUS""",6.25,5,2
SET 10 CARDS CHRISTMAS ROBIN 17095,6.24,3,3
FIRE POLISHED GLASS NECKL GOLD,5.95,1,1
BLUE/NAT SHELL NECKLACE W PENDANT,5.95,1,1
BLACK FLOWER CANDLE PLATE,5.949999999999999,7,2
GOLD M.O.P. ORBIT NECKLACE,5.9,2,2
WHITE CHRISTMAS TREE 60CM,5.9,2,2
ST GEORGE SET OF 10 PARTY LIGHTS,5.9,2,2
HEN HOUSE WITH CHICK STANDING,5.88,14,3
SET 10 CARDS SWIRLY XMAS TREE 17104,5.82,2,1
SET 10 CARD CHRISTMAS STAMPS 16963,5.82,2,1
SET 10 CARDS ROBIN WATERPUMP  17096,5.82,2,2
GREEN CRYSTAL DROP EARRINGS,5.8,2,2
BROWN VINTAGE VICTORIAN EARRINGS,5.8,2,2
SET 10 CARDS HANGING BAUBLES 17080,5.48,2,2
SET OF 3 PINK FLYING DUCKS,5.45,1,1
MUMMY MOUSE RED GINGHAM RIBBON,5.45,1,1
ROUND ARTICULATED PINK CLOCK W/SUCK,5.32,28,3
NEW ENGLAND MUG W GIFT BOX,5.1,2,2
POLYESTER FILLER PAD 60x40cm,5.1,2,1
GREEN PENDANT SHELL NECKLACE,5.09,1,1
PINK ALLIUM  ARTIFICIAL FLOWER,5.07,3,1
ROBIN CHRISTMAS CARD,5.02,10,4
SET 10 CARDS DECK THE HALLS 16960,4.98,2,2
ORANGE/FUSCHIA STONES NECKLACE,4.98,1,1
PURPLE LEAVES AND BEADS PHONE CHAR,4.97,2,2
GREEN LEAVES AND BEADS PHONE CHARM,4.97,2,2
VINTAGE BEAD PINK JEWEL STAND,4.95,1,1
LILY BROOCH WHITE/SILVER COLOUR,4.95,1,1
BLOSSOM IMAGES SCRAP BOOK SET,4.95,1,1
PINK BEADS+HAND PHONE CHARM,4.92,2,1
LARGE HEART FLOWERS HOOK,4.92,2,1
BLUE NEW BAROQUE FLOCK CANDLESTICK,4.65,1,1
FLOWER PURPLE CLOCK WITH SUCKER,4.64,16,3
"SILICON CUBE 25W, BLUE",4.62,11,2
METAL BASE FOR CANDLES,4.62,11,2
3 BLACK CATS W HEARTS BLANK CARD,4.5600000000000005,24,3
PINK ACRYLIC JEWEL SNOWFLAKE,4.5600000000000005,12,1
CUTE RABBIT CEATURE SCREEN,4.29,11,2
BLUE PADDED SOFT MOBILE,4.25,1,1
FLOWER PURPLE CLOCK W/SUCKER,4.25,5,3
UBO-LIGHT TRIOBASE PURPLE,4.25,5,3
CAKE STAND LACE WHITE,4.25,1,1
FRYING PAN RED POLKADOT,4.25,1,1
GOLD COSMETIC BAG PINK STAR,4.2,2,2
LIGHT DECORATION BATTERY OPERATED,4.2,2,1
"MUG , DOTCOMGIFTSHOP.COM",4.17,5,5
I LOVE LONDON MINI RUCKSACK,4.15,1,1
ASSTD RASTA KEY-CHAINS,3.7800000000000002,9,3
BLUE CRUSOE CHECK LAMPSHADE,3.78,9,3
BLUE LEAVES AND BEADS PHONE CHARM,3.76,2,2
ROBOT MUG IN DISPLAY BOX,3.75,3,2
BAROQUE BUTTERFLY EARRINGS MONTANA,3.73,1,1
BAROQUE BUTTERFLY EARRINGS RED,3.73,1,1
GOLD PRINT PAPER BAG,3.6100000000000003,19,2
FOLDING CAMPING SCISSOR W/KNIF & S,3.5999999999999996,30,3
ASSTD DESIGN BUBBLE GUM RING,3.5700000000000003,17,4
PASTEL PINK PHOTO ALBUM,3.5,7,2
"LETTER ""U"" BLING KEY RING",3.4799999999999995,12,1
UBO-LIGHT TRIOBASE BLUE,3.4,4,2
WHITE ANEMONE ARTIFICIAL FLOWER,3.38,2,1
PINK BERTIE MOBILE PHONE CHARM,3.36,1,1
GARDENERS KNEELING PAD,3.36,1,1
KEEP OUT GIRLS DOOR HANGER,3.36,1,1
WATERING CAN SINGLE HOOK PISTACHIO,3.36,1,1
SET 10 CARDS CHRISTMAS BAUBLE 16954,3.33,1,1
BLUE DROP EARRINGS W BEAD CLUSTER,3.32,1,1
HEARTS WRAPPING TAPE,3.25,5,3
WINE BOTTLE DRESSING LT.BLUE,3.0399999999999996,14,4
SET 10 CARDS TRIANGLE ICONS  17220,2.91,1,1
SET 10 CARDS 3 WISE MEN 17107,2.91,1,1
SET 10 CARDS SNOWY ROBIN 17099,2.91,1,1
NECKLACE+BRACELET SET PINK DAISY,2.55,1,1
INCENSE BAZAAR PEACH,2.52,6,1
PINK FEATHER CHRISTMAS DECORATION,2.51,1,1
PURPLE/TURQ FLOWERS HANDBAG,2.5,2,1
TINY CRYSTAL BRACELET RED,2.48,1,1
HAPPY BIRTHDAY CARD STRIPEY TEDDY,2.47,13,2
BIG POLKADOT MUG,2.34,6,1
GREEN POP ART MAO CUSHION COVER,2.2800000000000002,12,2
DOLPHIN WINDMILL,2.12,1,1
SET/6 IVORY BIRD T-LIGHT CANDLES,2.1,1,1
TEA TIME BREAKFAST BASKET,2.1,1,1
PINK DOLLY HAIR CLIPS,2.1,2,1
SCALLOP SHELL SOAP DISH,2.1,1,1
GOLD COSMETICS BAG WITH BUTTERFLY,2.1,1,1
3 BIRDS CANVAS SCREEN,2.04,2,2
EASTER CRAFT IVY WREATH WITH CHICK,1.95,1,1
SET OF THREE VINTAGE GIFT WRAPS,1.95,1,1
PINK POLKADOT KIDS BAG,1.95,1,1
BLUE CRYSTAL BOOT PHONE CHARM,1.66,1,1
FLOWER SHOP DESIGN MUG,1.65,1,1
CROCHET LILAC/RED BEAR KEYRING,1.65,1,1
CHAMPAGNE TRAY BLANK CARD,1.52,8,2
SET 36 COLOURING PENCILS DOILEY,1.25,1,1
WIRE FLOWER T-LIGHT HOLDER,1.25,1,1
FUNKY MONKEY MUG,1.25,1,1
BLACKCHRISTMAS TREE 30CM,1.25,1,1
DUSTY PINK CHRISTMAS TREE 30CM,1.25,1,1
ORANGE FELT VASE + FLOWERS,1.25,1,1
PACK 4 FLOWER/BUTTERFLY PATCHES,1.25,1,1
ETCHED GLASS STAR TREE DECORATION,1.25,1,1
60 GOLD AND SILVER FAIRY CAKE CASES,1.1,2,2
CAT WITH SUNGLASSES BLANK CARD,0.95,5,1
HAPPY BIRTHDAY CARD TEDDY/CAKE,0.95,5,1
PINK CRYSTAL GUITAR PHONE CHARM,0.85,1,1
VINTAGE BLUE TINSEL REEL,0.84,2,1
SET 12 COLOURING PENCILS DOILEY,0.65,1,1
HEN HOUSE W CHICK IN NEST,0.42,1,1
PADS TO MATCH ALL CUSHIONS,0.003,3,3
